customer_id,snapshot_date,sessions_30d,product_views_30d,cart_adds_30d,wishlist_adds_30d,abandoned_carts_30d,email_opens_30d,campaign_clicks_30d,last_visit_days_ago
CUST00001,2025-09-30,1,4,0,0,0,2,0,20
CUST00002,2025-09-30,8,31,4,2,3,0,0,0
CUST00003,2025-09-30,1,3,0,0,0,0,0,26
CUST00004,2025-09-30,1,6,0,0,0,0,0,14
CUST00005,2025-09-30,18,95,4,1,1,3,1,9
CUST00006,2025-09-30,2,8,1,0,1,0,0,1
CUST00007,2025-09-30,11,61,3,2,2,10,3,12
CUST00008,2025-09-30,2,11,1,0,0,0,0,16
CUST00009,2025-09-30,11,57,3,3,2,0,0,6
CUST00010,2025-09-30,13,71,3,3,2,6,0,5
CUST00011,2025-09-30,10,34,2,1,0,0,0,0
CUST00012,2025-09-30,3,16,1,1,0,0,0,5
CUST00013,2025-09-30,4,22,1,0,0,2,0,21
CUST00014,2025-09-30,11,57,3,2,2,0,0,17
CUST00015,2025-09-30,6,23,2,0,1,0,0,11
CUST00016,2025-09-30,2,8,1,0,0,4,1,32
CUST00017,2025-09-30,4,23,1,1,0,9,4,47
CUST00018,2025-09-30,3,8,1,0,0,4,2,37
CUST00019,2025-09-30,5,27,2,0,1,3,1,0
CUST00020,2025-09-30,0,0,0,0,0,0,0,60
CUST00021,2025-09-30,3,14,1,1,0,2,0,18
CUST00022,2025-09-30,10,33,5,1,2,4,1,0
CUST00023,2025-09-30,3,15,1,1,1,4,1,7
CUST00024,2025-09-30,13,71,3,2,2,3,0,0
CUST00025,2025-09-30,11,54,2,3,1,6,1,29
CUST00026,2025-09-30,14,55,3,3,0,1,0,26
CUST00027,2025-09-30,11,44,3,2,1,5,2,18
CUST00028,2025-09-30,1,4,1,0,0,3,0,19
CUST00029,2025-09-30,1,6,0,0,0,0,0,0
CUST00030,2025-09-30,11,31,2,3,1,0,0,3
CUST00031,2025-09-30,6,35,3,0,1,0,0,9
CUST00032,2025-09-30,12,70,4,2,1,0,0,13
CUST00033,2025-09-30,7,41,2,2,1,3,0,7
CUST00034,2025-09-30,7,30,4,1,2,8,2,0
CUST00035,2025-09-30,6,25,2,1,1,8,0,25
CUST00036,2025-09-30,0,0,0,0,0,0,0,14
CUST00037,2025-09-30,5,28,2,0,0,3,0,28
CUST00038,2025-09-30,5,23,1,0,0,5,0,14
CUST00039,2025-09-30,6,20,1,1,0,3,1,4
CUST00040,2025-09-30,1,4,0,0,0,1,0,42
CUST00041,2025-09-30,5,19,1,1,0,4,2,22
CUST00042,2025-09-30,3,13,1,0,0,7,2,14
CUST00043,2025-09-30,3,16,0,0,0,0,0,0
CUST00044,2025-09-30,6,27,2,1,1,4,2,10
CUST00045,2025-09-30,6,16,1,1,0,3,1,10
CUST00046,2025-09-30,7,31,4,2,1,10,0,29
CUST00047,2025-09-30,2,9,1,0,0,3,1,36
CUST00048,2025-09-30,12,38,2,2,1,0,0,12
CUST00049,2025-09-30,4,13,1,1,1,3,1,0
CUST00050,2025-09-30,3,12,1,1,0,3,1,0
CUST00051,2025-09-30,6,32,2,1,1,8,2,35
CUST00052,2025-09-30,7,34,2,1,1,0,0,8
CUST00053,2025-09-30,9,29,2,2,1,3,1,5
CUST00054,2025-09-30,3,12,1,0,0,0,0,0
CUST00055,2025-09-30,6,32,2,1,1,7,2,0
CUST00056,2025-09-30,3,15,1,1,1,0,0,0
CUST00057,2025-09-30,7,21,1,0,0,9,1,29
CUST00058,2025-09-30,2,6,1,0,0,8,4,6
CUST00059,2025-09-30,3,11,1,0,0,0,0,2
CUST00060,2025-09-30,5,26,2,1,0,0,0,20
CUST00061,2025-09-30,4,19,2,0,1,2,1,15
CUST00062,2025-09-30,9,30,3,2,1,7,1,0
CUST00063,2025-09-30,0,0,0,0,0,3,0,24
CUST00064,2025-09-30,8,42,4,1,3,0,0,0
CUST00065,2025-09-30,3,18,0,1,0,4,2,0
CUST00066,2025-09-30,11,35,2,2,1,5,1,60
CUST00067,2025-09-30,1,3,0,0,0,4,2,5
CUST00068,2025-09-30,5,18,0,1,0,3,1,60
CUST00069,2025-09-30,9,48,1,2,0,7,1,0
CUST00070,2025-09-30,1,4,0,0,0,1,0,18
CUST00071,2025-09-30,1,3,0,0,0,6,2,12
CUST00072,2025-09-30,7,26,3,2,2,5,1,26
CUST00073,2025-09-30,7,35,1,0,0,4,1,0
CUST00074,2025-09-30,14,51,3,2,1,2,1,22
CUST00075,2025-09-30,10,43,2,1,1,0,0,13
CUST00076,2025-09-30,17,78,7,5,4,0,0,8
CUST00077,2025-09-30,0,0,0,0,0,0,0,20
CUST00078,2025-09-30,5,13,1,1,0,0,0,38
CUST00079,2025-09-30,2,8,0,0,0,0,0,31
CUST00080,2025-09-30,11,31,4,1,2,0,0,3
CUST00081,2025-09-30,12,63,4,2,1,0,0,0
CUST00082,2025-09-30,7,35,2,1,1,7,3,44
CUST00083,2025-09-30,9,43,2,1,1,0,0,17
CUST00084,2025-09-30,11,60,5,1,2,3,1,34
CUST00085,2025-09-30,8,34,0,1,0,0,0,0
CUST00086,2025-09-30,7,39,2,1,1,5,2,0
CUST00087,2025-09-30,1,4,0,0,0,0,0,15
CUST00088,2025-09-30,9,29,2,1,1,1,0,18
CUST00089,2025-09-30,12,40,1,2,0,6,3,31
CUST00090,2025-09-30,5,25,3,1,1,0,0,36
CUST00091,2025-09-30,9,51,5,2,2,0,0,11
CUST00092,2025-09-30,1,5,0,0,0,0,0,3
CUST00093,2025-09-30,16,67,7,3,3,9,4,21
CUST00094,2025-09-30,6,20,2,1,1,4,1,60
CUST00095,2025-09-30,10,57,1,2,1,2,1,7
CUST00096,2025-09-30,12,67,2,2,1,0,0,15
CUST00097,2025-09-30,0,0,0,0,0,0,0,0
CUST00098,2025-09-30,8,34,0,2,0,0,0,49
CUST00099,2025-09-30,4,17,2,1,0,5,2,27
CUST00100,2025-09-30,1,3,0,0,0,0,0,29
CUST00101,2025-09-30,2,6,1,0,1,0,0,27
CUST00102,2025-09-30,2,11,1,0,0,1,0,7
CUST00103,2025-09-30,6,18,2,1,1,4,1,0
CUST00104,2025-09-30,3,9,1,0,0,3,0,27
CUST00105,2025-09-30,1,6,0,0,0,3,0,3
CUST00106,2025-09-30,5,19,1,1,0,0,0,21
CUST00107,2025-09-30,2,8,1,0,1,0,0,10
CUST00108,2025-09-30,5,24,0,0,0,0,0,11
CUST00109,2025-09-30,1,4,0,0,0,3,1,16
CUST00110,2025-09-30,4,15,1,1,0,0,0,8
CUST00111,2025-09-30,3,14,0,0,0,1,0,33
CUST00112,2025-09-30,4,15,1,1,0,0,0,0
CUST00113,2025-09-30,17,65,2,5,0,0,0,2
CUST00114,2025-09-30,3,14,1,0,0,4,1,41
CUST00115,2025-09-30,12,51,1,2,0,10,2,23
CUST00116,2025-09-30,10,45,1,1,0,4,2,26
CUST00117,2025-09-30,2,7,1,0,0,0,0,27
CUST00118,2025-09-30,2,9,1,0,0,0,0,1
CUST00119,2025-09-30,12,63,2,2,1,0,0,1
CUST00120,2025-09-30,6,21,3,0,1,0,0,5
CUST00121,2025-09-30,5,29,2,1,1,3,1,2
CUST00122,2025-09-30,10,39,1,2,1,10,4,30
CUST00123,2025-09-30,2,6,1,0,1,0,0,23
CUST00124,2025-09-30,5,18,2,1,1,0,0,43
CUST00125,2025-09-30,0,0,0,0,0,5,1,0
CUST00126,2025-09-30,5,30,1,1,1,3,0,3
CUST00127,2025-09-30,3,13,1,0,0,0,0,15
CUST00128,2025-09-30,15,88,6,2,4,0,0,0
CUST00129,2025-09-30,7,34,3,2,2,0,0,2
CUST00130,2025-09-30,9,36,1,0,0,5,0,12
CUST00131,2025-09-30,4,12,2,1,1,5,0,14
CUST00132,2025-09-30,1,3,0,0,0,6,0,24
CUST00133,2025-09-30,5,19,0,1,0,5,1,12
CUST00134,2025-09-30,11,49,1,3,1,8,0,4
CUST00135,2025-09-30,3,10,1,0,0,4,1,60
CUST00136,2025-09-30,7,40,2,1,1,0,0,15
CUST00137,2025-09-30,4,13,2,1,1,1,0,31
CUST00138,2025-09-30,5,14,0,1,0,3,1,24
CUST00139,2025-09-30,5,17,3,0,1,0,0,10
CUST00140,2025-09-30,14,59,4,1,3,1,0,12
CUST00141,2025-09-30,4,19,1,1,0,5,1,0
CUST00142,2025-09-30,2,7,0,1,0,0,0,41
CUST00143,2025-09-30,5,23,1,1,1,2,1,9
CUST00144,2025-09-30,8,32,3,1,0,6,2,17
CUST00145,2025-09-30,0,0,0,0,0,0,0,0
CUST00146,2025-09-30,4,15,1,1,0,5,1,30
CUST00147,2025-09-30,1,3,0,0,0,0,0,29
CUST00148,2025-09-30,5,21,2,0,1,2,1,8
CUST00149,2025-09-30,8,21,3,1,2,2,0,0
CUST00150,2025-09-30,6,21,1,1,0,5,2,7
CUST00151,2025-09-30,7,31,3,1,2,5,0,4
CUST00152,2025-09-30,19,82,4,1,3,7,3,7
CUST00153,2025-09-30,6,22,2,1,1,0,0,0
CUST00154,2025-09-30,8,28,3,2,1,1,0,2
CUST00155,2025-09-30,6,26,2,1,1,0,0,11
CUST00156,2025-09-30,14,77,2,3,1,10,0,0
CUST00157,2025-09-30,3,14,1,1,0,2,1,5
CUST00158,2025-09-30,8,33,4,2,1,6,1,32
CUST00159,2025-09-30,0,0,0,0,0,1,0,60
CUST00160,2025-09-30,4,20,1,1,0,3,0,37
CUST00161,2025-09-30,7,41,4,2,2,4,1,0
CUST00162,2025-09-30,2,12,0,0,0,0,0,28
CUST00163,2025-09-30,3,13,1,1,1,5,2,19
CUST00164,2025-09-30,1,3,0,0,0,0,0,57
CUST00165,2025-09-30,2,8,0,0,0,0,0,15
CUST00166,2025-09-30,1,4,0,0,0,0,0,7
CUST00167,2025-09-30,0,0,0,0,0,2,1,31
CUST00168,2025-09-30,2,11,0,0,0,1,0,29
CUST00169,2025-09-30,1,3,0,0,0,0,0,45
CUST00170,2025-09-30,5,19,2,1,1,0,0,0
CUST00171,2025-09-30,9,27,1,0,0,1,0,3
CUST00172,2025-09-30,5,30,1,0,0,5,2,0
CUST00173,2025-09-30,10,53,4,1,2,0,0,2
CUST00174,2025-09-30,14,58,5,4,3,0,0,24
CUST00175,2025-09-30,5,27,2,0,1,2,0,14
CUST00176,2025-09-30,12,59,5,2,3,0,0,17
CUST00177,2025-09-30,12,46,1,2,0,0,0,28
CUST00178,2025-09-30,10,44,3,3,1,2,0,0
CUST00179,2025-09-30,11,55,1,2,1,5,2,21
CUST00180,2025-09-30,9,29,1,2,1,0,0,18
CUST00181,2025-09-30,7,28,2,1,1,4,1,0
CUST00182,2025-09-30,12,35,2,2,0,4,0,0
CUST00183,2025-09-30,1,6,0,0,0,4,1,26
CUST00184,2025-09-30,6,18,1,1,0,0,0,6
CUST00185,2025-09-30,11,35,1,1,1,8,1,27
CUST00186,2025-09-30,2,9,1,1,1,0,0,5
CUST00187,2025-09-30,0,0,0,0,0,3,1,17
CUST00188,2025-09-30,11,31,1,3,0,1,0,5
CUST00189,2025-09-30,10,52,4,1,1,4,0,27
CUST00190,2025-09-30,6,16,1,0,1,0,0,5
CUST00191,2025-09-30,6,35,2,1,1,2,0,11
CUST00192,2025-09-30,8,22,3,1,1,4,1,30
CUST00193,2025-09-30,3,16,1,1,1,4,2,30
CUST00194,2025-09-30,13,37,4,1,1,9,3,3
CUST00195,2025-09-30,5,25,3,0,1,0,0,0
CUST00196,2025-09-30,1,3,0,0,0,0,0,12
CUST00197,2025-09-30,11,34,1,1,0,0,0,10
CUST00198,2025-09-30,1,3,1,0,1,3,1,6
CUST00199,2025-09-30,3,12,2,0,1,0,0,0
CUST00200,2025-09-30,7,28,1,2,0,9,4,2
CUST00201,2025-09-30,3,17,1,0,0,1,0,12
CUST00202,2025-09-30,9,52,5,1,2,2,1,40
CUST00203,2025-09-30,6,31,3,2,1,2,0,28
CUST00204,2025-09-30,17,61,4,5,2,0,0,4
CUST00205,2025-09-30,13,68,4,4,3,5,0,0
CUST00206,2025-09-30,7,23,1,1,0,6,2,38
CUST00207,2025-09-30,11,53,5,1,2,6,2,7
CUST00208,2025-09-30,2,10,1,0,0,3,1,24
CUST00209,2025-09-30,3,14,0,0,0,0,0,46
CUST00210,2025-09-30,3,18,1,0,0,0,0,38
CUST00211,2025-09-30,4,20,2,1,1,1,0,9
CUST00212,2025-09-30,3,11,1,1,0,2,1,45
CUST00213,2025-09-30,2,9,0,0,0,0,0,15
CUST00214,2025-09-30,3,9,1,1,0,3,0,14
CUST00215,2025-09-30,8,24,1,2,0,8,2,15
CUST00216,2025-09-30,7,20,2,0,1,1,0,16
CUST00217,2025-09-30,2,11,1,0,0,0,0,13
CUST00218,2025-09-30,1,5,0,0,0,0,0,5
CUST00219,2025-09-30,3,8,1,1,1,6,1,30
CUST00220,2025-09-30,14,73,6,3,2,7,2,10
CUST00221,2025-09-30,16,91,2,1,0,12,2,2
CUST00222,2025-09-30,1,6,0,0,0,0,0,22
CUST00223,2025-09-30,1,6,0,0,0,0,0,20
CUST00224,2025-09-30,1,5,0,0,0,3,1,13
CUST00225,2025-09-30,3,9,1,0,0,3,0,19
CUST00226,2025-09-30,6,30,2,2,1,0,0,34
CUST00227,2025-09-30,0,0,0,0,0,0,0,29
CUST00228,2025-09-30,6,28,0,0,0,5,2,11
CUST00229,2025-09-30,8,27,1,1,0,2,0,8
CUST00230,2025-09-30,17,93,8,2,2,7,1,14
CUST00231,2025-09-30,6,30,1,1,1,0,0,0
CUST00232,2025-09-30,2,5,0,0,0,0,0,1
CUST00233,2025-09-30,5,27,0,0,0,7,1,60
CUST00234,2025-09-30,6,30,1,2,1,0,0,0
CUST00235,2025-09-30,2,12,1,0,0,4,0,29
CUST00236,2025-09-30,8,27,1,2,0,0,0,8
CUST00237,2025-09-30,8,44,3,0,1,6,1,0
CUST00238,2025-09-30,1,3,0,0,0,0,0,8
CUST00239,2025-09-30,4,20,2,1,1,2,0,60
CUST00240,2025-09-30,4,15,0,1,0,1,0,16
CUST00241,2025-09-30,12,40,1,0,1,6,1,0
CUST00242,2025-09-30,11,36,2,0,1,11,5,5
CUST00243,2025-09-30,3,17,1,0,1,0,0,22
CUST00244,2025-09-30,1,5,1,0,1,0,0,23
CUST00245,2025-09-30,6,27,3,1,1,9,4,16
CUST00246,2025-09-30,6,22,3,2,1,3,1,13
CUST00247,2025-09-30,5,13,1,0,1,5,2,14
CUST00248,2025-09-30,2,7,0,0,0,2,0,15
CUST00249,2025-09-30,5,15,2,1,1,3,1,31
CUST00250,2025-09-30,6,26,0,1,0,0,0,2
CUST00251,2025-09-30,14,76,6,1,4,0,0,9
CUST00252,2025-09-30,4,17,0,0,0,4,2,23
CUST00253,2025-09-30,3,8,1,0,0,2,1,34
CUST00254,2025-09-30,4,22,1,0,0,2,1,26
CUST00255,2025-09-30,10,26,1,3,0,5,1,19
CUST00256,2025-09-30,1,3,0,0,0,0,0,34
CUST00257,2025-09-30,7,39,2,1,1,0,0,19
CUST00258,2025-09-30,7,21,4,2,2,4,0,7
CUST00259,2025-09-30,0,0,0,0,0,0,0,31
CUST00260,2025-09-30,7,32,1,2,0,1,0,7
CUST00261,2025-09-30,0,0,0,0,0,0,0,0
CUST00262,2025-09-30,5,16,1,1,0,0,0,9
CUST00263,2025-09-30,15,63,5,3,3,8,2,11
CUST00264,2025-09-30,7,29,1,1,1,3,1,0
CUST00265,2025-09-30,7,27,3,2,2,4,0,28
CUST00266,2025-09-30,1,4,0,0,0,0,0,22
CUST00267,2025-09-30,8,21,1,1,0,0,0,11
CUST00268,2025-09-30,6,24,1,1,1,6,1,8
CUST00269,2025-09-30,11,46,3,0,2,4,1,10
CUST00270,2025-09-30,8,27,4,2,2,9,2,7
CUST00271,2025-09-30,1,5,0,0,0,2,0,0
CUST00272,2025-09-30,7,42,3,2,0,0,0,1
CUST00273,2025-09-30,7,19,3,1,2,4,1,1
CUST00274,2025-09-30,1,4,0,0,0,1,0,2
CUST00275,2025-09-30,5,27,1,1,1,5,1,51
CUST00276,2025-09-30,9,30,4,1,1,3,1,14
CUST00277,2025-09-30,2,7,0,1,0,0,0,12
CUST00278,2025-09-30,7,39,1,1,0,2,0,22
CUST00279,2025-09-30,9,38,2,2,1,5,2,0
CUST00280,2025-09-30,6,18,1,1,1,3,0,4
CUST00281,2025-09-30,3,17,1,1,0,0,0,9
CUST00282,2025-09-30,1,5,0,0,0,0,0,60
CUST00283,2025-09-30,8,21,1,1,1,0,0,6
CUST00284,2025-09-30,1,5,1,0,1,4,1,60
CUST00285,2025-09-30,10,34,1,3,1,0,0,16
CUST00286,2025-09-30,1,4,1,0,1,3,1,60
CUST00287,2025-09-30,8,21,3,0,2,4,1,15
CUST00288,2025-09-30,1,4,0,0,0,0,0,20
CUST00289,2025-09-30,5,13,1,0,0,3,0,0
CUST00290,2025-09-30,6,22,3,1,1,0,0,1
CUST00291,2025-09-30,4,16,1,1,1,4,1,23
CUST00292,2025-09-30,6,22,0,1,0,7,2,0
CUST00293,2025-09-30,3,9,1,0,1,8,0,59
CUST00294,2025-09-30,15,54,6,3,2,12,6,35
CUST00295,2025-09-30,2,9,0,0,0,0,0,5
CUST00296,2025-09-30,2,10,1,0,1,0,0,30
CUST00297,2025-09-30,13,41,1,3,1,6,2,30
CUST00298,2025-09-30,6,16,3,2,2,5,2,50
CUST00299,2025-09-30,0,0,0,0,0,0,0,60
CUST00300,2025-09-30,5,30,0,1,0,0,0,1
CUST00301,2025-09-30,7,26,1,0,1,0,0,13
CUST00302,2025-09-30,4,12,2,1,1,6,2,27
CUST00303,2025-09-30,6,31,1,0,0,2,1,12
CUST00304,2025-09-30,4,19,1,1,1,8,3,5
CUST00305,2025-09-30,6,23,2,0,1,1,0,33
CUST00306,2025-09-30,2,10,0,0,0,6,2,0
CUST00307,2025-09-30,0,0,0,0,0,2,0,13
CUST00308,2025-09-30,7,33,1,1,0,3,1,27
CUST00309,2025-09-30,13,43,2,4,1,8,1,12
CUST00310,2025-09-30,5,30,2,1,1,2,0,8
CUST00311,2025-09-30,4,12,2,1,0,0,0,0
CUST00312,2025-09-30,9,31,2,1,1,0,0,7
CUST00313,2025-09-30,16,54,1,2,1,2,0,37
CUST00314,2025-09-30,0,0,0,0,0,0,0,14
CUST00315,2025-09-30,11,43,5,3,1,10,4,0
CUST00316,2025-09-30,1,6,0,0,0,7,2,30
CUST00317,2025-09-30,8,43,2,2,1,0,0,25
CUST00318,2025-09-30,2,7,1,0,0,6,0,8
CUST00319,2025-09-30,0,0,0,0,0,0,0,29
CUST00320,2025-09-30,10,27,5,1,1,6,1,19
CUST00321,2025-09-30,1,5,0,0,0,4,2,20
CUST00322,2025-09-30,5,19,0,0,0,1,0,2
CUST00323,2025-09-30,6,19,2,1,1,3,0,9
CUST00324,2025-09-30,0,0,0,0,0,1,0,60
CUST00325,2025-09-30,6,22,1,2,0,9,1,7
CUST00326,2025-09-30,7,26,3,2,1,7,3,26
CUST00327,2025-09-30,7,30,1,1,1,8,1,14
CUST00328,2025-09-30,2,7,0,0,0,2,0,60
CUST00329,2025-09-30,1,4,0,0,0,0,0,0
CUST00330,2025-09-30,1,5,0,0,0,0,0,12
CUST00331,2025-09-30,1,6,0,0,0,0,0,27
CUST00332,2025-09-30,0,0,0,0,0,3,0,6
CUST00333,2025-09-30,3,14,1,0,1,0,0,21
CUST00334,2025-09-30,2,6,0,0,0,0,0,29
CUST00335,2025-09-30,7,40,1,1,0,3,1,22
CUST00336,2025-09-30,5,16,2,0,1,0,0,2
CUST00337,2025-09-30,2,11,1,1,1,1,0,9
CUST00338,2025-09-30,6,31,2,1,0,0,0,8
CUST00339,2025-09-30,13,36,4,1,1,0,0,12
CUST00340,2025-09-30,8,36,2,1,1,2,1,10
CUST00341,2025-09-30,11,33,3,3,2,0,0,5
CUST00342,2025-09-30,9,42,1,2,0,3,0,4
CUST00343,2025-09-30,7,39,4,1,2,2,1,20
CUST00344,2025-09-30,5,15,2,1,1,0,0,41
CUST00345,2025-09-30,15,71,4,1,2,5,0,0
CUST00346,2025-09-30,13,69,5,3,2,5,1,7
CUST00347,2025-09-30,8,44,2,2,1,5,1,45
CUST00348,2025-09-30,14,49,5,1,1,4,2,4
CUST00349,2025-09-30,2,11,1,0,0,0,0,18
CUST00350,2025-09-30,18,46,4,3,3,10,0,0
CUST00351,2025-09-30,4,14,2,0,1,3,0,1
CUST00352,2025-09-30,13,42,6,2,2,6,1,16
CUST00353,2025-09-30,4,22,1,1,0,3,1,27
CUST00354,2025-09-30,4,24,1,0,0,3,1,16
CUST00355,2025-09-30,4,14,2,0,1,5,2,32
CUST00356,2025-09-30,10,44,4,2,1,4,1,7
CUST00357,2025-09-30,9,53,4,1,2,8,1,2
CUST00358,2025-09-30,4,17,1,0,1,4,0,1
CUST00359,2025-09-30,0,0,0,0,0,4,0,0
CUST00360,2025-09-30,1,6,0,0,0,0,0,0
CUST00361,2025-09-30,3,13,1,1,0,2,1,20
CUST00362,2025-09-30,12,66,2,1,1,3,0,7
CUST00363,2025-09-30,2,11,1,0,0,0,0,5
CUST00364,2025-09-30,0,0,0,0,0,0,0,60
CUST00365,2025-09-30,7,31,3,2,2,0,0,21
CUST00366,2025-09-30,2,6,1,0,0,0,0,26
CUST00367,2025-09-30,1,3,0,0,0,5,1,33
CUST00368,2025-09-30,7,32,2,1,1,1,0,12
CUST00369,2025-09-30,7,23,1,1,0,2,1,0
CUST00370,2025-09-30,8,25,1,0,1,5,1,29
CUST00371,2025-09-30,4,15,1,0,1,0,0,10
CUST00372,2025-09-30,2,11,1,1,0,0,0,18
CUST00373,2025-09-30,9,37,4,1,2,6,1,20
CUST00374,2025-09-30,0,0,0,0,0,6,3,44
CUST00375,2025-09-30,2,7,1,1,0,0,0,17
CUST00376,2025-09-30,5,25,1,1,1,1,0,12
CUST00377,2025-09-30,10,41,3,3,0,7,0,16
CUST00378,2025-09-30,4,10,2,0,1,1,0,1
CUST00379,2025-09-30,2,11,1,0,1,0,0,4
CUST00380,2025-09-30,8,25,4,1,2,2,0,0
CUST00381,2025-09-30,2,7,0,0,0,0,0,32
CUST00382,2025-09-30,6,16,2,1,1,0,0,7
CUST00383,2025-09-30,14,59,7,1,3,5,1,1
CUST00384,2025-09-30,0,0,0,0,0,1,0,0
CUST00385,2025-09-30,6,29,2,0,1,3,1,25
CUST00386,2025-09-30,13,64,6,1,3,4,2,1
CUST00387,2025-09-30,1,6,0,0,0,0,0,2
CUST00388,2025-09-30,6,16,0,1,0,8,3,0
CUST00389,2025-09-30,11,50,1,2,0,4,2,14
CUST00390,2025-09-30,4,15,2,1,1,5,1,5
CUST00391,2025-09-30,4,15,1,0,0,0,0,0
CUST00392,2025-09-30,4,17,1,1,1,4,1,34
CUST00393,2025-09-30,5,28,2,1,1,5,1,18
CUST00394,2025-09-30,12,44,2,3,0,0,0,4
CUST00395,2025-09-30,12,62,4,2,1,0,0,13
CUST00396,2025-09-30,10,37,4,2,3,9,2,0
CUST00397,2025-09-30,3,13,1,1,1,7,2,22
CUST00398,2025-09-30,11,37,2,1,1,0,0,0
CUST00399,2025-09-30,3,17,0,1,0,0,0,45
CUST00400,2025-09-30,9,27,2,2,1,0,0,0
CUST00401,2025-09-30,2,10,1,0,1,0,0,12
CUST00402,2025-09-30,1,5,0,0,0,3,1,27
CUST00403,2025-09-30,15,64,6,4,3,3,1,0
CUST00404,2025-09-30,1,6,0,0,0,2,1,31
CUST00405,2025-09-30,4,20,2,0,0,2,0,5
CUST00406,2025-09-30,10,34,1,1,0,0,0,5
CUST00407,2025-09-30,0,0,0,0,0,0,0,11
CUST00408,2025-09-30,0,0,0,0,0,3,1,0
CUST00409,2025-09-30,11,31,3,2,2,5,1,4
CUST00410,2025-09-30,16,43,6,3,3,7,0,0
CUST00411,2025-09-30,1,5,0,0,0,1,0,54
CUST00412,2025-09-30,0,0,0,0,0,2,0,60
CUST00413,2025-09-30,16,59,8,3,2,9,0,0
CUST00414,2025-09-30,5,30,3,1,2,6,1,0
CUST00415,2025-09-30,1,3,0,0,0,5,2,11
CUST00416,2025-09-30,4,12,1,1,1,0,0,11
CUST00417,2025-09-30,0,0,0,0,0,5,1,28
CUST00418,2025-09-30,8,36,2,2,1,6,2,0
CUST00419,2025-09-30,12,50,3,2,2,5,1,30
CUST00420,2025-09-30,14,82,5,1,1,5,0,0
CUST00421,2025-09-30,4,18,1,1,1,0,0,0
CUST00422,2025-09-30,7,40,2,2,1,0,0,26
CUST00423,2025-09-30,1,5,1,0,0,2,0,39
CUST00424,2025-09-30,5,24,2,0,0,7,1,33
CUST00425,2025-09-30,12,46,4,2,2,9,2,25
CUST00426,2025-09-30,8,46,1,1,1,0,0,18
CUST00427,2025-09-30,4,12,2,1,1,1,0,6
CUST00428,2025-09-30,1,5,0,0,0,0,0,10
CUST00429,2025-09-30,13,76,2,2,1,8,2,9
CUST00430,2025-09-30,0,0,0,0,0,2,0,0
CUST00431,2025-09-30,1,3,0,0,0,5,1,31
CUST00432,2025-09-30,9,30,4,2,2,9,0,18
CUST00433,2025-09-30,10,59,1,0,0,0,0,6
CUST00434,2025-09-30,2,8,0,0,0,2,1,47
CUST00435,2025-09-30,1,3,0,0,0,2,1,48
CUST00436,2025-09-30,2,8,0,1,0,0,0,23
CUST00437,2025-09-30,0,0,0,0,0,0,0,33
CUST00438,2025-09-30,6,22,1,1,1,7,2,22
CUST00439,2025-09-30,7,18,3,1,1,0,0,18
CUST00440,2025-09-30,5,16,3,1,2,0,0,8
CUST00441,2025-09-30,1,5,0,0,0,0,0,33
CUST00442,2025-09-30,2,8,1,0,0,0,0,22
CUST00443,2025-09-30,2,8,1,0,0,4,0,54
CUST00444,2025-09-30,1,4,0,0,0,2,1,51
CUST00445,2025-09-30,4,11,1,0,1,7,1,5
CUST00446,2025-09-30,9,48,4,3,1,2,0,3
CUST00447,2025-09-30,6,16,3,0,2,3,1,18
CUST00448,2025-09-30,11,31,4,0,1,6,3,18
CUST00449,2025-09-30,1,5,1,0,1,0,0,60
CUST00450,2025-09-30,5,27,1,1,1,0,0,2
CUST00451,2025-09-30,3,16,1,0,1,0,0,4
CUST00452,2025-09-30,2,10,1,0,0,0,0,53
CUST00453,2025-09-30,1,4,0,0,0,0,0,6
CUST00454,2025-09-30,17,99,3,2,1,10,1,0
CUST00455,2025-09-30,0,0,0,0,0,0,0,51
CUST00456,2025-09-30,0,0,0,0,0,4,1,37
CUST00457,2025-09-30,1,3,0,0,0,0,0,60
CUST00458,2025-09-30,4,12,1,1,0,0,0,15
CUST00459,2025-09-30,5,18,2,1,1,2,0,49
CUST00460,2025-09-30,8,39,2,2,0,3,1,14
CUST00461,2025-09-30,3,10,0,1,0,3,1,41
CUST00462,2025-09-30,2,8,1,0,0,0,0,0
CUST00463,2025-09-30,0,0,0,0,0,0,0,3
CUST00464,2025-09-30,6,17,1,0,0,2,1,20
CUST00465,2025-09-30,3,13,1,0,1,2,1,34
CUST00466,2025-09-30,9,39,4,1,1,7,2,2
CUST00467,2025-09-30,7,19,4,0,2,7,1,0
CUST00468,2025-09-30,1,3,0,0,0,4,1,36
CUST00469,2025-09-30,8,48,1,1,0,2,0,5
CUST00470,2025-09-30,1,6,0,0,0,0,0,41
CUST00471,2025-09-30,5,29,2,1,1,5,0,27
CUST00472,2025-09-30,0,0,0,0,0,0,0,29
CUST00473,2025-09-30,0,0,0,0,0,0,0,25
CUST00474,2025-09-30,5,18,2,1,0,0,0,1
CUST00475,2025-09-30,2,8,1,0,0,1,0,6
CUST00476,2025-09-30,6,28,3,1,1,0,0,24
CUST00477,2025-09-30,2,8,1,1,0,3,1,11
CUST00478,2025-09-30,8,35,3,1,2,3,1,0
CUST00479,2025-09-30,5,20,1,1,1,1,0,42
CUST00480,2025-09-30,2,6,0,0,0,0,0,28
CUST00481,2025-09-30,10,53,2,1,1,8,1,4
CUST00482,2025-09-30,15,66,3,2,1,12,1,19
CUST00483,2025-09-30,3,10,1,1,1,0,0,10
CUST00484,2025-09-30,9,36,1,1,0,0,0,16
CUST00485,2025-09-30,1,4,1,0,1,2,1,49
CUST00486,2025-09-30,10,28,3,2,2,1,0,9
CUST00487,2025-09-30,2,10,1,0,1,0,0,14
CUST00488,2025-09-30,8,43,2,0,1,5,1,51
CUST00489,2025-09-30,10,52,5,1,3,3,0,32
CUST00490,2025-09-30,8,45,4,2,2,5,1,11
CUST00491,2025-09-30,10,40,3,2,1,5,1,20
CUST00492,2025-09-30,0,0,0,0,0,0,0,16
CUST00493,2025-09-30,10,41,4,2,2,8,3,21
CUST00494,2025-09-30,6,19,2,1,1,0,0,0
CUST00495,2025-09-30,4,12,1,0,0,0,0,0
CUST00496,2025-09-30,4,20,0,1,0,0,0,10
CUST00497,2025-09-30,1,5,0,0,0,6,2,32
CUST00498,2025-09-30,3,17,1,1,0,0,0,0
CUST00499,2025-09-30,1,6,0,0,0,0,0,9
CUST00500,2025-09-30,10,51,5,2,3,8,1,12
CUST00501,2025-09-30,4,10,2,0,1,2,0,5
CUST00502,2025-09-30,13,50,2,1,1,0,0,0
CUST00503,2025-09-30,4,11,1,0,1,1,0,7
CUST00504,2025-09-30,9,31,4,1,2,4,2,4
CUST00505,2025-09-30,9,41,4,0,1,3,1,32
CUST00506,2025-09-30,0,0,0,0,0,7,1,15
CUST00507,2025-09-30,1,5,0,0,0,0,0,26
CUST00508,2025-09-30,6,26,2,1,1,0,0,37
CUST00509,2025-09-30,9,54,1,3,0,5,1,4
CUST00510,2025-09-30,4,22,1,1,1,4,1,29
CUST00511,2025-09-30,18,64,1,4,1,0,0,5
CUST00512,2025-09-30,6,16,2,1,1,4,0,9
CUST00513,2025-09-30,6,15,3,1,2,2,0,8
CUST00514,2025-09-30,11,55,1,0,0,10,4,13
CUST00515,2025-09-30,2,8,0,0,0,0,0,2
CUST00516,2025-09-30,9,52,4,1,1,7,2,7
CUST00517,2025-09-30,2,11,1,1,1,6,3,8
CUST00518,2025-09-30,5,21,2,1,0,0,0,0
CUST00519,2025-09-30,0,0,0,0,0,0,0,11
CUST00520,2025-09-30,2,11,0,0,0,5,2,0
CUST00521,2025-09-30,5,18,1,0,1,10,3,8
CUST00522,2025-09-30,1,6,0,0,0,6,2,60
CUST00523,2025-09-30,7,35,2,0,1,0,0,12
CUST00524,2025-09-30,10,29,1,3,0,3,1,11
CUST00525,2025-09-30,1,4,0,0,0,0,0,56
CUST00526,2025-09-30,6,15,2,1,1,0,0,0
CUST00527,2025-09-30,1,5,0,0,0,0,0,23
CUST00528,2025-09-30,12,43,5,3,1,3,0,9
CUST00529,2025-09-30,11,51,3,1,2,6,2,0
CUST00530,2025-09-30,2,10,1,0,0,3,0,13
CUST00531,2025-09-30,1,4,0,0,0,2,0,19
CUST00532,2025-09-30,1,3,0,0,0,1,0,24
CUST00533,2025-09-30,9,29,1,2,1,2,0,0
CUST00534,2025-09-30,4,23,2,1,0,0,0,18
CUST00535,2025-09-30,5,13,1,0,0,3,1,23
CUST00536,2025-09-30,14,37,7,3,4,3,1,1
CUST00537,2025-09-30,4,21,1,1,1,0,0,5
CUST00538,2025-09-30,5,18,3,0,1,4,2,10
CUST00539,2025-09-30,1,3,0,0,0,4,1,11
CUST00540,2025-09-30,3,13,1,0,0,1,0,16
CUST00541,2025-09-30,1,5,0,0,0,6,2,31
CUST00542,2025-09-30,1,4,1,0,0,5,1,15
CUST00543,2025-09-30,2,8,1,0,0,6,2,37
CUST00544,2025-09-30,6,15,2,0,1,0,0,21
CUST00545,2025-09-30,9,42,5,2,2,5,2,0
CUST00546,2025-09-30,12,34,4,3,3,5,1,0
CUST00547,2025-09-30,6,22,0,1,0,7,0,10
CUST00548,2025-09-30,6,30,3,2,2,3,0,24
CUST00549,2025-09-30,1,3,0,0,0,4,1,31
CUST00550,2025-09-30,0,0,0,0,0,0,0,3
CUST00551,2025-09-30,10,48,4,1,3,4,2,8
CUST00552,2025-09-30,12,63,5,3,1,6,1,1
CUST00553,2025-09-30,2,6,1,0,0,4,0,56
CUST00554,2025-09-30,10,48,3,1,2,3,0,8
CUST00555,2025-09-30,3,11,1,0,0,3,1,2
CUST00556,2025-09-30,1,5,0,0,0,0,0,0
CUST00557,2025-09-30,17,67,6,1,4,6,1,16
CUST00558,2025-09-30,1,5,1,0,1,0,0,60
CUST00559,2025-09-30,2,9,1,0,0,5,1,0
CUST00560,2025-09-30,1,4,0,0,0,3,0,51
CUST00561,2025-09-30,16,85,4,4,2,0,0,0
CUST00562,2025-09-30,1,3,0,0,0,6,1,45
CUST00563,2025-09-30,1,3,0,0,0,3,0,20
CUST00564,2025-09-30,10,57,1,1,1,0,0,27
CUST00565,2025-09-30,10,48,3,3,1,5,2,7
CUST00566,2025-09-30,25,91,7,2,1,0,0,3
CUST00567,2025-09-30,9,29,1,3,0,0,0,0
CUST00568,2025-09-30,3,17,1,1,1,3,0,10
CUST00569,2025-09-30,7,22,3,2,2,7,3,23
CUST00570,2025-09-30,0,0,0,0,0,2,1,27
CUST00571,2025-09-30,5,29,0,1,0,1,0,4
CUST00572,2025-09-30,8,34,1,1,0,6,0,24
CUST00573,2025-09-30,0,0,0,0,0,0,0,25
CUST00574,2025-09-30,14,49,1,1,0,5,1,0
CUST00575,2025-09-30,6,23,2,1,1,3,1,32
CUST00576,2025-09-30,15,68,4,1,1,4,1,27
CUST00577,2025-09-30,7,40,1,2,0,5,2,26
CUST00578,2025-09-30,2,12,0,0,0,4,2,60
CUST00579,2025-09-30,1,3,0,0,0,0,0,1
CUST00580,2025-09-30,4,23,1,0,0,5,1,17
CUST00581,2025-09-30,0,0,0,0,0,1,0,11
CUST00582,2025-09-30,2,9,1,0,1,5,2,60
CUST00583,2025-09-30,2,7,1,0,0,0,0,51
CUST00584,2025-09-30,9,36,2,1,1,0,0,12
CUST00585,2025-09-30,15,45,3,4,1,9,2,9
CUST00586,2025-09-30,1,5,0,0,0,0,0,22
CUST00587,2025-09-30,10,47,1,2,1,1,0,7
CUST00588,2025-09-30,6,32,1,0,0,0,0,0
CUST00589,2025-09-30,4,19,1,1,0,3,1,0
CUST00590,2025-09-30,7,33,1,1,0,7,3,25
CUST00591,2025-09-30,2,8,0,0,0,8,4,11
CUST00592,2025-09-30,3,8,2,1,1,0,0,1
CUST00593,2025-09-30,9,33,3,1,1,0,0,19
CUST00594,2025-09-30,0,0,0,0,0,0,0,16
CUST00595,2025-09-30,9,23,3,1,2,0,0,6
CUST00596,2025-09-30,13,62,2,2,1,7,1,9
CUST00597,2025-09-30,0,0,0,0,0,0,0,9
CUST00598,2025-09-30,20,78,2,5,1,9,3,13
CUST00599,2025-09-30,2,9,1,0,1,5,1,29
CUST00600,2025-09-30,3,16,1,0,0,3,0,53
CUST00601,2025-09-30,8,29,4,2,2,8,3,15
CUST00602,2025-09-30,5,25,2,0,1,2,1,21
CUST00603,2025-09-30,12,70,1,1,0,6,1,0
CUST00604,2025-09-30,2,8,0,0,0,5,1,16
CUST00605,2025-09-30,8,46,3,2,2,3,0,33
CUST00606,2025-09-30,7,34,2,2,0,0,0,28
CUST00607,2025-09-30,9,39,2,2,1,0,0,55
CUST00608,2025-09-30,7,38,1,1,1,0,0,5
CUST00609,2025-09-30,6,18,3,0,1,7,1,0
CUST00610,2025-09-30,10,48,4,3,3,3,0,7
CUST00611,2025-09-30,5,28,2,1,1,3,0,60
CUST00612,2025-09-30,9,41,3,2,1,0,0,1
CUST00613,2025-09-30,14,41,6,2,3,6,0,7
CUST00614,2025-09-30,1,5,0,0,0,4,1,38
CUST00615,2025-09-30,4,19,1,1,1,5,1,6
CUST00616,2025-09-30,10,41,4,1,1,0,0,16
CUST00617,2025-09-30,8,34,4,1,1,0,0,7
CUST00618,2025-09-30,8,26,3,2,0,7,3,2
CUST00619,2025-09-30,8,41,3,0,2,0,0,12
CUST00620,2025-09-30,17,68,5,4,3,5,2,30
CUST00621,2025-09-30,6,32,2,1,1,4,1,14
CUST00622,2025-09-30,1,5,0,0,0,6,3,41
CUST00623,2025-09-30,18,70,2,3,1,7,2,15
CUST00624,2025-09-30,4,21,2,1,1,0,0,60
CUST00625,2025-09-30,2,10,1,0,1,0,0,0
CUST00626,2025-09-30,12,37,5,3,3,0,0,0
CUST00627,2025-09-30,6,19,2,1,0,4,1,17
CUST00628,2025-09-30,9,35,5,2,1,7,1,15
CUST00629,2025-09-30,2,6,0,0,0,2,1,3
CUST00630,2025-09-30,20,112,9,5,5,8,1,13
CUST00631,2025-09-30,0,0,0,0,0,0,0,5
CUST00632,2025-09-30,11,53,1,3,1,2,1,0
CUST00633,2025-09-30,4,14,1,0,0,4,1,0
CUST00634,2025-09-30,1,5,0,0,0,0,0,32
CUST00635,2025-09-30,1,3,0,0,0,2,1,13
CUST00636,2025-09-30,1,4,0,0,0,0,0,24
CUST00637,2025-09-30,1,6,0,0,0,1,0,15
CUST00638,2025-09-30,0,0,0,0,0,1,0,44
CUST00639,2025-09-30,1,3,0,0,0,1,0,58
CUST00640,2025-09-30,0,0,0,0,0,4,1,25
CUST00641,2025-09-30,5,16,2,1,1,3,1,0
CUST00642,2025-09-30,4,12,2,0,0,1,0,12
CUST00643,2025-09-30,14,74,4,3,2,2,1,33
CUST00644,2025-09-30,0,0,0,0,0,7,3,25
CUST00645,2025-09-30,0,0,0,0,0,0,0,47
CUST00646,2025-09-30,5,28,0,0,0,0,0,20
CUST00647,2025-09-30,2,8,1,0,1,2,0,9
CUST00648,2025-09-30,3,11,1,0,1,6,3,16
CUST00649,2025-09-30,5,28,3,0,2,0,0,16
CUST00650,2025-09-30,6,33,2,1,0,0,0,5
CUST00651,2025-09-30,6,16,1,1,0,6,2,5
CUST00652,2025-09-30,13,71,2,3,1,4,2,13
CUST00653,2025-09-30,19,86,2,4,0,0,0,11
CUST00654,2025-09-30,8,21,3,1,2,0,0,0
CUST00655,2025-09-30,0,0,0,0,0,0,0,15
CUST00656,2025-09-30,16,41,3,1,2,0,0,6
CUST00657,2025-09-30,5,26,2,0,1,3,1,8
CUST00658,2025-09-30,3,9,1,0,1,5,1,29
CUST00659,2025-09-30,21,105,5,6,4,11,4,0
CUST00660,2025-09-30,7,29,2,2,0,5,2,8
CUST00661,2025-09-30,1,5,0,0,0,0,0,33
CUST00662,2025-09-30,2,10,1,0,0,0,0,28
CUST00663,2025-09-30,14,35,2,2,1,0,0,26
CUST00664,2025-09-30,1,3,0,0,0,0,0,0
CUST00665,2025-09-30,3,9,1,0,0,0,0,3
CUST00666,2025-09-30,1,6,1,0,0,3,1,10
CUST00667,2025-09-30,7,21,4,2,1,0,0,9
CUST00668,2025-09-30,3,12,2,0,1,0,0,10
CUST00669,2025-09-30,1,6,0,0,0,0,0,0
CUST00670,2025-09-30,0,0,0,0,0,2,1,52
CUST00671,2025-09-30,13,53,4,2,2,0,0,7
CUST00672,2025-09-30,10,38,4,2,2,7,3,18
CUST00673,2025-09-30,1,3,0,0,0,2,1,28
CUST00674,2025-09-30,14,61,4,3,1,4,0,12
CUST00675,2025-09-30,8,47,1,0,1,4,1,35
CUST00676,2025-09-30,9,27,3,2,1,5,2,0
CUST00677,2025-09-30,1,4,0,0,0,0,0,13
CUST00678,2025-09-30,1,5,0,0,0,0,0,26
CUST00679,2025-09-30,3,17,1,0,0,9,3,18
CUST00680,2025-09-30,1,5,1,0,1,0,0,41
CUST00681,2025-09-30,1,5,0,0,0,1,0,35
CUST00682,2025-09-30,6,28,1,1,0,5,1,7
CUST00683,2025-09-30,7,38,3,1,2,5,1,0
CUST00684,2025-09-30,2,10,1,0,0,0,0,2
CUST00685,2025-09-30,3,13,2,1,1,3,1,0
CUST00686,2025-09-30,21,73,10,1,3,7,1,20
CUST00687,2025-09-30,1,4,0,0,0,0,0,34
CUST00688,2025-09-30,1,4,0,0,0,0,0,0
CUST00689,2025-09-30,13,68,6,4,4,0,0,19
CUST00690,2025-09-30,11,48,6,2,1,10,3,10
CUST00691,2025-09-30,14,38,7,4,4,6,3,18
CUST00692,2025-09-30,0,0,0,0,0,4,1,16
CUST00693,2025-09-30,0,0,0,0,0,3,0,5
CUST00694,2025-09-30,14,50,3,1,2,0,0,12
CUST00695,2025-09-30,4,21,1,1,1,4,0,48
CUST00696,2025-09-30,1,4,0,0,0,0,0,8
CUST00697,2025-09-30,1,3,0,0,0,0,0,47
CUST00698,2025-09-30,11,33,4,1,2,0,0,16
CUST00699,2025-09-30,15,49,1,1,0,3,0,20
CUST00700,2025-09-30,1,4,0,0,0,0,0,22
CUST00701,2025-09-30,10,25,3,1,1,0,0,26
CUST00702,2025-09-30,2,8,0,1,0,0,0,16
CUST00703,2025-09-30,3,8,2,0,0,0,0,27
CUST00704,2025-09-30,12,31,4,0,3,1,0,0
CUST00705,2025-09-30,1,3,0,0,0,3,0,5
CUST00706,2025-09-30,2,7,1,0,0,1,0,0
CUST00707,2025-09-30,10,53,4,2,3,0,0,19
CUST00708,2025-09-30,5,20,0,1,0,4,0,5
CUST00709,2025-09-30,0,0,0,0,0,4,0,17
CUST00710,2025-09-30,8,25,2,2,1,1,0,0
CUST00711,2025-09-30,10,50,4,1,2,4,2,13
CUST00712,2025-09-30,2,12,1,1,1,0,0,0
CUST00713,2025-09-30,10,45,1,3,1,0,0,0
CUST00714,2025-09-30,2,5,1,0,0,2,1,0
CUST00715,2025-09-30,4,24,1,0,0,1,0,14
CUST00716,2025-09-30,14,44,2,4,1,8,2,0
CUST00717,2025-09-30,6,18,3,1,1,0,0,7
CUST00718,2025-09-30,2,5,1,0,1,4,1,35
CUST00719,2025-09-30,2,5,1,0,1,0,0,38
CUST00720,2025-09-30,1,5,0,0,0,3,1,53
CUST00721,2025-09-30,8,24,1,2,1,4,1,0
CUST00722,2025-09-30,1,3,0,0,0,0,0,0
CUST00723,2025-09-30,7,31,1,1,1,2,1,21
CUST00724,2025-09-30,8,41,3,0,1,5,2,0
CUST00725,2025-09-30,0,0,0,0,0,0,0,37
CUST00726,2025-09-30,10,55,4,3,3,5,0,19
CUST00727,2025-09-30,10,40,3,1,1,6,2,7
CUST00728,2025-09-30,6,19,1,1,0,0,0,17
CUST00729,2025-09-30,1,5,0,0,0,5,1,42
CUST00730,2025-09-30,3,13,1,1,0,0,0,43
CUST00731,2025-09-30,2,6,1,1,1,2,1,18
CUST00732,2025-09-30,6,34,2,1,1,2,1,4
CUST00733,2025-09-30,5,18,1,0,0,0,0,8
CUST00734,2025-09-30,6,19,3,0,2,4,0,30
CUST00735,2025-09-30,1,5,0,0,0,0,0,0
CUST00736,2025-09-30,3,9,0,1,0,0,0,15
CUST00737,2025-09-30,1,4,0,0,0,2,0,4
CUST00738,2025-09-30,8,38,1,1,1,5,2,25
CUST00739,2025-09-30,8,47,1,1,1,3,1,0
CUST00740,2025-09-30,5,16,2,1,1,11,2,59
CUST00741,2025-09-30,3,8,0,1,0,2,1,52
CUST00742,2025-09-30,5,17,2,0,1,4,0,8
CUST00743,2025-09-30,3,13,1,1,0,7,2,18
CUST00744,2025-09-30,2,8,1,0,1,5,2,25
CUST00745,2025-09-30,14,78,1,2,1,0,0,4
CUST00746,2025-09-30,0,0,0,0,0,3,0,17
CUST00747,2025-09-30,13,62,3,1,2,6,0,7
CUST00748,2025-09-30,5,29,2,1,1,0,0,0
CUST00749,2025-09-30,13,56,6,2,1,8,3,11
CUST00750,2025-09-30,8,27,3,1,1,4,1,4
CUST00751,2025-09-30,8,38,2,2,1,4,1,5
CUST00752,2025-09-30,2,8,1,0,0,0,0,33
CUST00753,2025-09-30,9,24,5,2,3,0,0,40
CUST00754,2025-09-30,18,75,2,5,1,8,1,4
CUST00755,2025-09-30,12,48,1,3,1,5,2,45
CUST00756,2025-09-30,0,0,0,0,0,0,0,17
CUST00757,2025-09-30,4,14,1,0,1,3,1,0
CUST00758,2025-09-30,13,65,5,1,1,3,1,19
CUST00759,2025-09-30,4,24,1,0,0,2,0,21
CUST00760,2025-09-30,1,3,0,0,0,0,0,37
CUST00761,2025-09-30,1,4,0,0,0,4,0,41
CUST00762,2025-09-30,8,41,1,2,0,0,0,25
CUST00763,2025-09-30,0,0,0,0,0,0,0,47
CUST00764,2025-09-30,8,30,3,1,1,0,0,1
CUST00765,2025-09-30,2,7,1,0,1,0,0,12
CUST00766,2025-09-30,7,25,0,2,0,2,0,46
CUST00767,2025-09-30,7,39,1,1,0,7,3,18
CUST00768,2025-09-30,3,11,1,0,0,0,0,7
CUST00769,2025-09-30,2,11,0,0,0,1,0,0
CUST00770,2025-09-30,12,64,4,3,1,5,1,0
CUST00771,2025-09-30,8,47,2,2,0,2,0,0
CUST00772,2025-09-30,9,25,1,2,1,4,1,27
CUST00773,2025-09-30,4,21,2,0,0,0,0,3
CUST00774,2025-09-30,2,7,1,0,0,0,0,28
CUST00775,2025-09-30,8,41,1,1,0,7,2,10
CUST00776,2025-09-30,0,0,0,0,0,0,0,35
CUST00777,2025-09-30,2,8,0,0,0,2,1,1
CUST00778,2025-09-30,1,4,0,0,0,1,0,57
CUST00779,2025-09-30,3,14,1,0,0,3,1,0
CUST00780,2025-09-30,12,40,5,3,3,7,0,9
CUST00781,2025-09-30,4,14,0,1,0,4,0,14
CUST00782,2025-09-30,1,4,0,0,0,6,2,41
CUST00783,2025-09-30,3,13,2,0,0,5,2,49
CUST00784,2025-09-30,11,62,4,3,2,6,1,0
CUST00785,2025-09-30,5,13,1,1,1,2,0,15
CUST00786,2025-09-30,1,4,0,0,0,0,0,28
CUST00787,2025-09-30,2,7,1,0,1,0,0,7
CUST00788,2025-09-30,8,41,2,2,1,0,0,11
CUST00789,2025-09-30,1,5,0,0,0,2,0,0
CUST00790,2025-09-30,9,49,4,3,1,4,1,20
CUST00791,2025-09-30,0,0,0,0,0,0,0,46
CUST00792,2025-09-30,4,24,1,1,0,0,0,39
CUST00793,2025-09-30,1,5,0,0,0,3,1,4
CUST00794,2025-09-30,7,22,0,1,0,4,0,39
CUST00795,2025-09-30,2,7,1,1,0,0,0,30
CUST00796,2025-09-30,8,23,4,2,2,0,0,19
CUST00797,2025-09-30,7,18,3,1,1,6,1,9
CUST00798,2025-09-30,8,25,4,2,2,5,1,5
CUST00799,2025-09-30,2,9,1,0,0,1,0,7
CUST00800,2025-09-30,7,20,4,1,2,4,2,0
CUST00801,2025-09-30,1,4,0,0,0,1,0,15
CUST00802,2025-09-30,1,3,0,0,0,0,0,48
CUST00803,2025-09-30,2,11,1,0,0,7,2,16
CUST00804,2025-09-30,7,30,1,2,1,2,1,7
CUST00805,2025-09-30,8,25,4,0,3,1,0,18
CUST00806,2025-09-30,11,31,2,2,1,0,0,7
CUST00807,2025-09-30,4,21,2,1,0,0,0,14
CUST00808,2025-09-30,16,61,2,4,1,0,0,21
CUST00809,2025-09-30,12,63,3,1,1,10,4,1
CUST00810,2025-09-30,0,0,0,0,0,4,2,37
CUST00811,2025-09-30,2,10,1,1,1,3,1,30
CUST00812,2025-09-30,0,0,0,0,0,1,0,27
CUST00813,2025-09-30,11,66,2,1,1,7,3,1
CUST00814,2025-09-30,14,57,6,0,3,0,0,16
CUST00815,2025-09-30,3,12,1,0,0,0,0,31
CUST00816,2025-09-30,7,21,4,1,1,2,1,15
CUST00817,2025-09-30,13,55,7,3,1,7,2,0
CUST00818,2025-09-30,1,6,0,0,0,2,0,36
CUST00819,2025-09-30,5,25,3,0,1,0,0,0
CUST00820,2025-09-30,4,14,1,0,0,4,2,46
CUST00821,2025-09-30,6,32,3,0,0,0,0,27
CUST00822,2025-09-30,10,42,1,2,1,0,0,30
CUST00823,2025-09-30,2,5,1,0,0,0,0,33
CUST00824,2025-09-30,4,22,2,0,1,0,0,0
CUST00825,2025-09-30,3,17,2,0,0,6,3,31
CUST00826,2025-09-30,9,28,4,2,2,0,0,34
CUST00827,2025-09-30,4,15,1,1,0,6,2,2
CUST00828,2025-09-30,5,13,1,1,1,1,0,17
CUST00829,2025-09-30,9,33,1,1,0,8,3,6
CUST00830,2025-09-30,11,30,2,3,1,6,1,6
CUST00831,2025-09-30,11,57,4,1,2,8,1,0
CUST00832,2025-09-30,9,45,1,2,1,6,3,0
CUST00833,2025-09-30,6,16,3,1,1,0,0,4
CUST00834,2025-09-30,6,24,0,1,0,0,0,6
CUST00835,2025-09-30,8,23,4,1,3,0,0,12
CUST00836,2025-09-30,7,18,3,1,2,0,0,0
CUST00837,2025-09-30,7,40,1,1,0,6,1,8
CUST00838,2025-09-30,11,65,4,1,1,7,1,12
CUST00839,2025-09-30,2,10,0,0,0,3,0,31
CUST00840,2025-09-30,3,11,2,0,1,0,0,0
CUST00841,2025-09-30,2,7,1,0,0,0,0,29
CUST00842,2025-09-30,1,3,0,0,0,0,0,1
CUST00843,2025-09-30,1,5,0,0,0,4,2,3
CUST00844,2025-09-30,1,3,0,0,0,3,1,5
CUST00845,2025-09-30,4,12,1,1,0,2,0,20
CUST00846,2025-09-30,15,58,8,1,3,0,0,0
CUST00847,2025-09-30,12,64,1,3,1,10,5,4
CUST00848,2025-09-30,8,26,2,2,1,3,1,0
CUST00849,2025-09-30,9,46,5,2,1,6,2,14
CUST00850,2025-09-30,5,30,1,1,1,0,0,4
CUST00851,2025-09-30,8,44,3,2,1,0,0,0
CUST00852,2025-09-30,1,5,0,0,0,3,1,15
CUST00853,2025-09-30,9,46,3,1,1,0,0,13
CUST00854,2025-09-30,1,6,0,0,0,5,0,44
CUST00855,2025-09-30,1,5,0,0,0,1,0,52
CUST00856,2025-09-30,1,6,0,0,0,7,3,27
CUST00857,2025-09-30,3,17,1,0,0,4,1,4
CUST00858,2025-09-30,1,4,0,0,0,0,0,13
CUST00859,2025-09-30,10,32,4,1,1,5,2,36
CUST00860,2025-09-30,7,26,1,0,0,9,4,23
CUST00861,2025-09-30,3,12,1,0,0,4,2,29
CUST00862,2025-09-30,2,6,0,0,0,0,0,60
CUST00863,2025-09-30,6,30,3,2,1,0,0,4
CUST00864,2025-09-30,2,6,1,0,0,5,1,24
CUST00865,2025-09-30,10,31,2,2,1,7,2,15
CUST00866,2025-09-30,5,21,1,1,1,0,0,1
CUST00867,2025-09-30,6,21,3,1,1,0,0,22
CUST00868,2025-09-30,14,56,4,1,1,5,1,0
CUST00869,2025-09-30,0,0,0,0,0,1,0,4
CUST00870,2025-09-30,13,56,4,1,2,5,0,37
CUST00871,2025-09-30,3,14,1,1,1,0,0,23
CUST00872,2025-09-30,6,27,3,1,2,8,2,24
CUST00873,2025-09-30,2,11,1,0,0,0,0,13
CUST00874,2025-09-30,7,34,2,1,1,2,0,3
CUST00875,2025-09-30,1,3,0,0,0,3,0,6
CUST00876,2025-09-30,6,28,2,1,1,6,1,13
CUST00877,2025-09-30,7,23,1,1,0,0,0,24
CUST00878,2025-09-30,12,66,3,3,2,6,1,14
CUST00879,2025-09-30,4,10,1,1,0,0,0,24
CUST00880,2025-09-30,11,43,4,2,2,5,0,21
CUST00881,2025-09-30,6,17,0,1,0,0,0,9
CUST00882,2025-09-30,2,11,1,0,1,2,0,11
CUST00883,2025-09-30,1,6,0,0,0,3,1,21
CUST00884,2025-09-30,1,3,0,0,0,0,0,55
CUST00885,2025-09-30,10,45,2,1,1,2,1,21
CUST00886,2025-09-30,3,16,1,1,1,0,0,12
CUST00887,2025-09-30,0,0,0,0,0,4,2,6
CUST00888,2025-09-30,0,0,0,0,0,3,1,23
CUST00889,2025-09-30,2,10,0,1,0,0,0,11
CUST00890,2025-09-30,1,4,0,0,0,3,0,8
CUST00891,2025-09-30,0,0,0,0,0,0,0,1
CUST00892,2025-09-30,5,22,1,0,1,4,1,5
CUST00893,2025-09-30,5,14,1,0,0,4,0,37
CUST00894,2025-09-30,2,6,1,0,1,0,0,9
CUST00895,2025-09-30,14,45,4,2,1,4,1,21
CUST00896,2025-09-30,3,10,1,1,1,2,1,12
CUST00897,2025-09-30,3,17,1,1,1,3,1,2
CUST00898,2025-09-30,2,9,1,0,1,6,1,60
CUST00899,2025-09-30,4,21,1,0,0,0,0,47
CUST00900,2025-09-30,1,5,0,0,0,4,1,10
CUST00901,2025-09-30,9,52,4,2,2,4,0,11
CUST00902,2025-09-30,5,21,2,1,1,2,1,0
CUST00903,2025-09-30,13,61,6,3,3,0,0,11
CUST00904,2025-09-30,7,27,4,0,3,4,2,2
CUST00905,2025-09-30,11,59,1,3,0,4,1,0
CUST00906,2025-09-30,3,16,0,1,0,0,0,12
CUST00907,2025-09-30,2,11,1,0,1,0,0,60
CUST00908,2025-09-30,3,8,1,0,1,5,2,0
CUST00909,2025-09-30,0,0,0,0,0,5,0,32
CUST00910,2025-09-30,3,13,0,1,0,4,1,22
CUST00911,2025-09-30,2,11,1,0,1,1,0,21
CUST00912,2025-09-30,0,0,0,0,0,5,2,35
CUST00913,2025-09-30,1,3,0,0,0,3,1,38
CUST00914,2025-09-30,13,74,1,3,0,2,0,8
CUST00915,2025-09-30,1,3,0,0,0,0,0,26
CUST00916,2025-09-30,9,32,4,1,1,7,1,0
CUST00917,2025-09-30,1,4,0,0,0,3,1,60
CUST00918,2025-09-30,1,6,0,0,0,0,0,43
CUST00919,2025-09-30,13,44,5,2,1,0,0,5
CUST00920,2025-09-30,12,68,2,0,0,8,3,12
CUST00921,2025-09-30,3,9,0,1,0,0,0,49
CUST00922,2025-09-30,9,29,2,1,0,6,3,2
CUST00923,2025-09-30,8,43,4,2,1,0,0,16
CUST00924,2025-09-30,1,5,0,0,0,7,1,17
CUST00925,2025-09-30,6,26,1,1,1,0,0,0
CUST00926,2025-09-30,5,27,1,1,0,0,0,2
CUST00927,2025-09-30,1,6,0,0,0,0,0,60
CUST00928,2025-09-30,1,4,0,0,0,5,2,60
CUST00929,2025-09-30,5,27,3,1,2,7,1,10
CUST00930,2025-09-30,9,26,1,1,1,5,0,8
CUST00931,2025-09-30,11,47,2,2,1,3,0,9
CUST00932,2025-09-30,12,71,3,1,1,2,0,29
CUST00933,2025-09-30,0,0,0,0,0,4,0,41
CUST00934,2025-09-30,4,20,0,1,0,5,1,15
CUST00935,2025-09-30,7,40,1,1,1,0,0,9
CUST00936,2025-09-30,3,16,2,0,1,8,1,3
CUST00937,2025-09-30,2,7,1,0,0,8,2,10
CUST00938,2025-09-30,2,8,1,0,0,0,0,0
CUST00939,2025-09-30,7,25,3,1,1,6,2,0
CUST00940,2025-09-30,0,0,0,0,0,1,0,49
CUST00941,2025-09-30,6,17,0,1,0,2,1,46
CUST00942,2025-09-30,4,18,2,1,1,4,1,5
CUST00943,2025-09-30,2,8,1,0,0,0,0,60
CUST00944,2025-09-30,1,5,0,0,0,3,1,15
CUST00945,2025-09-30,5,30,1,1,0,0,0,0
CUST00946,2025-09-30,4,22,2,0,0,13,5,35
CUST00947,2025-09-30,0,0,0,0,0,1,0,19
CUST00948,2025-09-30,11,58,2,3,1,0,0,19
CUST00949,2025-09-30,2,8,0,1,0,0,0,17
CUST00950,2025-09-30,5,15,1,1,0,0,0,50
CUST00951,2025-09-30,6,32,2,0,1,6,2,6
CUST00952,2025-09-30,16,73,6,2,4,11,4,13
CUST00953,2025-09-30,5,18,3,1,1,4,2,0
CUST00954,2025-09-30,12,44,5,3,2,6,2,5
CUST00955,2025-09-30,4,17,1,1,0,0,0,16
CUST00956,2025-09-30,10,52,1,1,0,3,1,15
CUST00957,2025-09-30,5,26,2,1,1,0,0,6
CUST00958,2025-09-30,2,6,1,0,1,1,0,23
CUST00959,2025-09-30,0,0,0,0,0,1,0,20
CUST00960,2025-09-30,1,3,0,0,0,0,0,16
CUST00961,2025-09-30,2,6,0,0,0,0,0,43
CUST00962,2025-09-30,9,52,2,0,1,0,0,19
CUST00963,2025-09-30,9,35,4,3,1,8,1,20
CUST00964,2025-09-30,0,0,0,0,0,0,0,47
CUST00965,2025-09-30,5,27,1,1,0,1,0,1
CUST00966,2025-09-30,4,15,1,1,1,4,2,19
CUST00967,2025-09-30,2,7,0,0,0,5,0,53
CUST00968,2025-09-30,12,47,2,4,1,0,0,4
CUST00969,2025-09-30,14,68,1,3,1,9,4,16
CUST00970,2025-09-30,6,18,2,0,1,6,3,15
CUST00971,2025-09-30,20,119,3,3,1,8,2,9
CUST00972,2025-09-30,5,21,2,1,1,10,4,8
CUST00973,2025-09-30,4,13,1,0,1,0,0,4
CUST00974,2025-09-30,11,56,6,1,2,8,0,12
CUST00975,2025-09-30,11,50,6,2,1,6,0,4
CUST00976,2025-09-30,9,26,4,0,2,6,3,4
CUST00977,2025-09-30,9,32,1,2,0,4,2,8
CUST00978,2025-09-30,0,0,0,0,0,0,0,56
CUST00979,2025-09-30,5,23,1,0,0,0,0,28
CUST00980,2025-09-30,4,21,2,0,0,8,1,21
CUST00981,2025-09-30,6,16,3,1,2,1,0,22
CUST00982,2025-09-30,4,17,2,1,1,4,2,11
CUST00983,2025-09-30,1,4,0,0,0,0,0,43
CUST00984,2025-09-30,3,9,1,0,0,2,0,3
CUST00985,2025-09-30,5,18,0,1,0,0,0,20
CUST00986,2025-09-30,1,4,0,0,0,0,0,3
CUST00987,2025-09-30,2,11,1,0,0,0,0,0
CUST00988,2025-09-30,3,13,1,1,0,0,0,1
CUST00989,2025-09-30,0,0,0,0,0,0,0,47
CUST00990,2025-09-30,6,30,1,1,1,0,0,37
CUST00991,2025-09-30,9,41,2,3,1,9,1,16
CUST00992,2025-09-30,6,15,2,1,1,9,3,46
CUST00993,2025-09-30,1,3,1,0,0,0,0,39
CUST00994,2025-09-30,8,43,4,1,2,4,1,5
CUST00995,2025-09-30,6,18,1,2,0,2,1,33
CUST00996,2025-09-30,14,60,1,1,1,0,0,3
CUST00997,2025-09-30,4,20,1,1,1,2,1,36
CUST00998,2025-09-30,6,23,1,1,1,0,0,23
CUST00999,2025-09-30,0,0,0,0,0,2,1,28
CUST01000,2025-09-30,3,16,1,1,0,1,0,19
CUST01001,2025-09-30,1,5,0,0,0,6,2,57
CUST01002,2025-09-30,11,51,2,3,1,6,0,12
CUST01003,2025-09-30,6,32,3,2,2,0,0,43
CUST01004,2025-09-30,1,3,0,0,0,0,0,49
CUST01005,2025-09-30,4,13,1,1,0,2,0,19
CUST01006,2025-09-30,3,12,2,0,0,0,0,4
CUST01007,2025-09-30,5,22,2,1,1,8,2,9
CUST01008,2025-09-30,1,4,1,0,0,0,0,50
CUST01009,2025-09-30,7,35,4,2,1,1,0,0
CUST01010,2025-09-30,3,17,1,0,0,0,0,0
CUST01011,2025-09-30,4,23,1,1,0,1,0,60
CUST01012,2025-09-30,7,39,2,0,1,0,0,8
CUST01013,2025-09-30,0,0,0,0,0,0,0,53
CUST01014,2025-09-30,1,3,0,0,0,4,1,23
CUST01015,2025-09-30,12,36,2,3,0,7,1,3
CUST01016,2025-09-30,6,16,3,1,1,2,0,1
CUST01017,2025-09-30,3,16,0,1,0,1,0,13
CUST01018,2025-09-30,10,59,2,2,0,6,1,7
CUST01019,2025-09-30,4,15,2,0,0,7,3,59
CUST01020,2025-09-30,1,6,0,0,0,0,0,29
CUST01021,2025-09-30,6,20,1,1,1,5,2,0
CUST01022,2025-09-30,0,0,0,0,0,0,0,40
CUST01023,2025-09-30,8,20,4,2,1,0,0,47
CUST01024,2025-09-30,10,42,4,1,2,4,2,12
CUST01025,2025-09-30,20,115,6,2,2,12,5,6
CUST01026,2025-09-30,9,50,1,1,1,3,1,17
CUST01027,2025-09-30,11,40,4,2,2,0,0,12
CUST01028,2025-09-30,6,20,3,0,1,0,0,45
CUST01029,2025-09-30,3,18,0,1,0,1,0,12
CUST01030,2025-09-30,10,45,1,2,0,8,2,0
CUST01031,2025-09-30,4,16,1,1,1,4,0,48
CUST01032,2025-09-30,5,27,2,1,0,5,2,6
CUST01033,2025-09-30,4,15,2,0,0,2,1,0
CUST01034,2025-09-30,9,27,2,3,1,5,2,22
CUST01035,2025-09-30,5,28,0,1,0,5,1,0
CUST01036,2025-09-30,8,33,2,0,1,4,0,29
CUST01037,2025-09-30,6,26,1,1,1,0,0,0
CUST01038,2025-09-30,4,15,1,1,1,3,1,5
CUST01039,2025-09-30,12,54,1,1,1,5,1,26
CUST01040,2025-09-30,1,5,0,0,0,0,0,26
CUST01041,2025-09-30,1,5,0,0,0,0,0,34
CUST01042,2025-09-30,10,48,2,2,1,5,1,0
CUST01043,2025-09-30,1,3,0,0,0,0,0,8
CUST01044,2025-09-30,2,5,1,0,1,2,0,21
CUST01045,2025-09-30,4,12,1,0,0,0,0,14
CUST01046,2025-09-30,1,3,0,0,0,4,0,9
CUST01047,2025-09-30,2,6,0,0,0,0,0,26
CUST01048,2025-09-30,8,45,3,1,2,4,0,31
CUST01049,2025-09-30,6,36,2,2,1,3,1,25
CUST01050,2025-09-30,8,44,1,1,0,0,0,0
CUST01051,2025-09-30,7,22,1,1,0,7,3,26
CUST01052,2025-09-30,7,39,3,0,2,0,0,42
CUST01053,2025-09-30,0,0,0,0,0,0,0,32
CUST01054,2025-09-30,1,4,0,0,0,3,0,41
CUST01055,2025-09-30,12,54,2,0,1,9,3,37
CUST01056,2025-09-30,3,9,1,0,1,0,0,3
CUST01057,2025-09-30,3,14,1,1,0,6,2,10
CUST01058,2025-09-30,1,4,0,0,0,2,1,25
CUST01059,2025-09-30,5,13,1,0,1,0,0,30
CUST01060,2025-09-30,2,7,0,0,0,1,0,10
CUST01061,2025-09-30,11,40,5,2,3,3,1,0
CUST01062,2025-09-30,1,4,1,0,0,7,2,50
CUST01063,2025-09-30,2,11,1,0,1,2,1,4
CUST01064,2025-09-30,9,24,5,0,3,1,0,14
CUST01065,2025-09-30,4,12,2,0,1,2,0,3
CUST01066,2025-09-30,2,11,1,0,1,5,2,3
CUST01067,2025-09-30,3,10,1,1,1,0,0,6
CUST01068,2025-09-30,2,11,1,0,1,1,0,16
CUST01069,2025-09-30,3,14,1,1,1,3,1,13
CUST01070,2025-09-30,1,5,0,0,0,4,1,4
CUST01071,2025-09-30,7,33,2,2,1,5,1,3
CUST01072,2025-09-30,8,23,1,2,0,6,3,40
CUST01073,2025-09-30,5,17,1,1,1,0,0,29
CUST01074,2025-09-30,12,61,4,3,3,0,0,18
CUST01075,2025-09-30,1,5,0,0,0,4,0,0
CUST01076,2025-09-30,2,9,1,0,1,0,0,6
CUST01077,2025-09-30,1,4,0,0,0,0,0,22
CUST01078,2025-09-30,2,6,0,0,0,4,1,39
CUST01079,2025-09-30,5,20,1,1,0,2,0,33
CUST01080,2025-09-30,0,0,0,0,0,4,1,16
CUST01081,2025-09-30,0,0,0,0,0,2,1,19
CUST01082,2025-09-30,4,15,1,0,0,1,0,0
CUST01083,2025-09-30,1,4,0,0,0,4,2,49
CUST01084,2025-09-30,3,14,1,1,1,0,0,25
CUST01085,2025-09-30,1,5,1,0,1,3,1,60
CUST01086,2025-09-30,8,22,2,2,1,0,0,0
CUST01087,2025-09-30,2,6,0,0,0,4,1,0
CUST01088,2025-09-30,8,43,4,0,1,6,1,0
CUST01089,2025-09-30,2,7,0,0,0,0,0,11
CUST01090,2025-09-30,1,4,0,0,0,0,0,35
CUST01091,2025-09-30,7,35,2,1,0,2,0,8
CUST01092,2025-09-30,2,11,1,0,1,1,0,15
CUST01093,2025-09-30,5,17,2,1,1,0,0,60
CUST01094,2025-09-30,1,6,1,0,1,0,0,15
CUST01095,2025-09-30,2,8,0,0,0,2,1,16
CUST01096,2025-09-30,10,44,5,1,4,10,2,11
CUST01097,2025-09-30,4,23,1,1,0,0,0,45
CUST01098,2025-09-30,3,9,0,0,0,0,0,33
CUST01099,2025-09-30,9,54,5,2,2,4,2,0
CUST01100,2025-09-30,3,8,1,1,0,0,0,0
CUST01101,2025-09-30,2,10,1,1,0,0,0,5
CUST01102,2025-09-30,7,37,2,1,1,0,0,20
CUST01103,2025-09-30,0,0,0,0,0,4,1,15
CUST01104,2025-09-30,8,28,2,2,0,0,0,34
CUST01105,2025-09-30,6,36,2,0,0,5,1,17
CUST01106,2025-09-30,14,66,6,4,3,7,2,14
CUST01107,2025-09-30,2,10,1,0,0,0,0,20
CUST01108,2025-09-30,2,6,0,0,0,0,0,0
CUST01109,2025-09-30,7,41,0,1,0,3,1,8
CUST01110,2025-09-30,1,3,0,0,0,1,0,60
CUST01111,2025-09-30,1,6,0,0,0,4,1,17
CUST01112,2025-09-30,5,28,1,0,1,3,1,7
CUST01113,2025-09-30,8,32,3,2,2,0,0,13
CUST01114,2025-09-30,1,4,0,0,0,0,0,29
CUST01115,2025-09-30,4,11,1,1,1,0,0,12
CUST01116,2025-09-30,7,41,3,2,1,2,0,17
CUST01117,2025-09-30,7,30,2,1,1,0,0,0
CUST01118,2025-09-30,0,0,0,0,0,5,1,51
CUST01119,2025-09-30,4,21,1,1,0,0,0,19
CUST01120,2025-09-30,7,33,1,0,0,6,2,22
CUST01121,2025-09-30,0,0,0,0,0,4,0,0
CUST01122,2025-09-30,7,40,1,0,0,0,0,16
CUST01123,2025-09-30,1,4,1,0,0,0,0,29
CUST01124,2025-09-30,9,33,1,3,1,0,0,25
CUST01125,2025-09-30,2,11,1,0,1,3,1,54
CUST01126,2025-09-30,11,47,6,1,3,5,1,0
CUST01127,2025-09-30,1,5,0,0,0,0,0,23
CUST01128,2025-09-30,4,20,1,1,0,0,0,36
CUST01129,2025-09-30,7,34,4,0,1,0,0,28
CUST01130,2025-09-30,6,33,2,1,1,0,0,27
CUST01131,2025-09-30,4,19,1,1,1,5,2,4
CUST01132,2025-09-30,17,100,9,5,2,9,2,0
CUST01133,2025-09-30,9,42,5,1,2,7,0,2
CUST01134,2025-09-30,13,51,5,1,1,4,0,9
CUST01135,2025-09-30,2,6,1,1,1,0,0,18
CUST01136,2025-09-30,1,6,0,0,0,0,0,31
CUST01137,2025-09-30,9,47,2,3,1,4,0,19
CUST01138,2025-09-30,2,8,1,0,0,0,0,37
CUST01139,2025-09-30,4,16,1,1,0,0,0,0
CUST01140,2025-09-30,3,14,1,0,0,0,0,6
CUST01141,2025-09-30,2,6,1,0,0,1,0,29
CUST01142,2025-09-30,19,99,1,2,1,3,1,6
CUST01143,2025-09-30,1,4,0,0,0,1,0,10
CUST01144,2025-09-30,6,17,1,2,0,4,0,10
CUST01145,2025-09-30,2,11,0,0,0,3,1,38
CUST01146,2025-09-30,12,34,3,3,2,0,0,6
CUST01147,2025-09-30,12,60,5,1,3,0,0,3
CUST01148,2025-09-30,1,3,0,0,0,0,0,26
CUST01149,2025-09-30,0,0,0,0,0,2,0,20
CUST01150,2025-09-30,3,13,1,0,1,1,0,35
CUST01151,2025-09-30,1,5,0,0,0,2,1,26
CUST01152,2025-09-30,9,35,2,1,1,0,0,17
CUST01153,2025-09-30,7,36,4,2,1,6,1,2
CUST01154,2025-09-30,11,49,1,3,1,8,3,10
CUST01155,2025-09-30,12,35,4,1,1,5,0,5
CUST01156,2025-09-30,5,20,2,1,1,0,0,5
CUST01157,2025-09-30,7,42,2,2,0,3,1,10
CUST01158,2025-09-30,11,37,1,3,1,0,0,6
CUST01159,2025-09-30,2,6,1,1,0,2,0,7
CUST01160,2025-09-30,2,7,1,0,0,0,0,32
CUST01161,2025-09-30,5,24,1,1,1,0,0,31
CUST01162,2025-09-30,1,4,0,0,0,5,0,54
CUST01163,2025-09-30,3,10,1,0,0,0,0,60
CUST01164,2025-09-30,15,47,1,4,1,2,0,7
CUST01165,2025-09-30,5,14,1,0,1,0,0,31
CUST01166,2025-09-30,2,8,0,0,0,0,0,0
CUST01167,2025-09-30,3,8,1,1,1,5,0,0
CUST01168,2025-09-30,8,26,1,1,0,6,2,2
CUST01169,2025-09-30,13,54,6,3,3,10,5,5
CUST01170,2025-09-30,2,11,0,0,0,1,0,41
CUST01171,2025-09-30,3,17,1,1,0,0,0,28
CUST01172,2025-09-30,4,22,1,0,0,0,0,6
CUST01173,2025-09-30,9,35,2,3,0,0,0,18
CUST01174,2025-09-30,10,51,2,2,1,3,1,10
CUST01175,2025-09-30,9,31,1,2,0,3,1,7
CUST01176,2025-09-30,6,35,3,1,1,3,1,44
CUST01177,2025-09-30,0,0,0,0,0,0,0,8
CUST01178,2025-09-30,10,59,2,1,1,2,1,23
CUST01179,2025-09-30,5,13,2,0,1,0,0,8
CUST01180,2025-09-30,2,10,0,1,0,4,1,10
CUST01181,2025-09-30,2,6,1,0,0,0,0,14
CUST01182,2025-09-30,8,33,4,2,2,0,0,31
CUST01183,2025-09-30,0,0,0,0,0,0,0,3
CUST01184,2025-09-30,5,26,2,0,1,3,1,25
CUST01185,2025-09-30,1,3,0,0,0,6,2,17
CUST01186,2025-09-30,1,3,0,0,0,0,0,36
CUST01187,2025-09-30,3,13,0,0,0,0,0,13
CUST01188,2025-09-30,14,35,3,4,1,7,3,8
CUST01189,2025-09-30,7,34,2,1,1,0,0,16
CUST01190,2025-09-30,3,13,1,0,0,0,0,0
CUST01191,2025-09-30,1,3,0,0,0,0,0,13
CUST01192,2025-09-30,11,65,2,3,1,5,0,14
CUST01193,2025-09-30,0,0,0,0,0,0,0,60
CUST01194,2025-09-30,2,7,0,0,0,6,1,34
CUST01195,2025-09-30,4,22,0,1,0,5,0,2
CUST01196,2025-09-30,9,30,2,2,1,5,1,16
CUST01197,2025-09-30,3,12,0,1,0,8,3,18
CUST01198,2025-09-30,5,16,1,1,1,1,0,6
CUST01199,2025-09-30,1,5,1,0,1,0,0,60
CUST01200,2025-09-30,5,18,1,0,0,3,1,7
CUST01201,2025-09-30,7,33,4,1,2,0,0,24
CUST01202,2025-09-30,10,26,1,0,1,7,3,33
CUST01203,2025-09-30,4,16,1,1,0,1,0,7
CUST01204,2025-09-30,0,0,0,0,0,0,0,17
CUST01205,2025-09-30,1,5,0,0,0,2,0,38
CUST01206,2025-09-30,10,52,1,2,0,0,0,30
CUST01207,2025-09-30,0,0,0,0,0,0,0,21
CUST01208,2025-09-30,1,3,0,0,0,4,2,15
CUST01209,2025-09-30,5,27,2,1,0,6,1,1
CUST01210,2025-09-30,0,0,0,0,0,5,1,54
CUST01211,2025-09-30,8,42,2,2,1,4,1,2
CUST01212,2025-09-30,0,0,0,0,0,2,1,0
CUST01213,2025-09-30,3,14,2,0,0,5,1,33
CUST01214,2025-09-30,2,12,0,1,0,0,0,31
CUST01215,2025-09-30,0,0,0,0,0,5,2,25
CUST01216,2025-09-30,10,57,1,2,0,5,2,24
CUST01217,2025-09-30,6,33,1,0,1,0,0,36
CUST01218,2025-09-30,6,26,1,1,1,0,0,2
CUST01219,2025-09-30,5,15,1,0,0,1,0,20
CUST01220,2025-09-30,1,3,1,0,0,0,0,25
CUST01221,2025-09-30,6,18,1,1,1,2,0,21
CUST01222,2025-09-30,0,0,0,0,0,5,1,14
CUST01223,2025-09-30,1,4,0,0,0,0,0,29
CUST01224,2025-09-30,7,26,3,1,2,4,2,7
CUST01225,2025-09-30,3,16,2,1,1,1,0,13
CUST01226,2025-09-30,6,35,2,0,1,0,0,14
CUST01227,2025-09-30,8,48,2,1,1,0,0,6
CUST01228,2025-09-30,1,6,0,0,0,1,0,28
CUST01229,2025-09-30,5,15,3,1,1,0,0,8
CUST01230,2025-09-30,2,8,0,0,0,1,0,24
CUST01231,2025-09-30,0,0,0,0,0,0,0,41
CUST01232,2025-09-30,8,34,3,1,1,0,0,39
CUST01233,2025-09-30,8,42,1,1,1,0,0,5
CUST01234,2025-09-30,3,10,1,1,0,4,1,32
CUST01235,2025-09-30,3,12,1,0,0,2,1,26
CUST01236,2025-09-30,8,37,3,2,1,2,0,0
CUST01237,2025-09-30,1,3,0,0,0,2,0,10
CUST01238,2025-09-30,1,3,0,0,0,3,1,14
CUST01239,2025-09-30,7,37,2,0,1,0,0,35
CUST01240,2025-09-30,10,42,3,2,1,5,2,14
CUST01241,2025-09-30,9,31,1,2,1,11,0,15
CUST01242,2025-09-30,0,0,0,0,0,5,2,15
CUST01243,2025-09-30,8,44,4,1,3,0,0,14
CUST01244,2025-09-30,7,37,2,0,1,0,0,4
CUST01245,2025-09-30,2,6,0,0,0,0,0,60
CUST01246,2025-09-30,1,4,0,0,0,8,3,60
CUST01247,2025-09-30,12,51,5,1,1,4,2,0
CUST01248,2025-09-30,5,28,0,1,0,3,1,15
CUST01249,2025-09-30,12,45,7,3,4,10,4,11
CUST01250,2025-09-30,0,0,0,0,0,4,2,35
CUST01251,2025-09-30,3,10,2,1,1,5,1,10
CUST01252,2025-09-30,1,3,0,0,0,0,0,18
CUST01253,2025-09-30,13,62,4,3,2,7,1,27
CUST01254,2025-09-30,3,16,1,1,0,0,0,4
CUST01255,2025-09-30,8,35,2,0,1,0,0,15
CUST01256,2025-09-30,3,15,1,0,0,4,1,56
CUST01257,2025-09-30,4,21,0,0,0,6,0,4
CUST01258,2025-09-30,7,18,2,2,1,3,0,60
CUST01259,2025-09-30,0,0,0,0,0,0,0,10
CUST01260,2025-09-30,4,20,2,0,1,0,0,8
CUST01261,2025-09-30,1,3,0,0,0,0,0,0
CUST01262,2025-09-30,11,43,6,1,2,6,2,9
CUST01263,2025-09-30,5,20,0,1,0,3,1,24
CUST01264,2025-09-30,6,21,1,1,0,3,1,16
CUST01265,2025-09-30,12,38,2,3,1,1,0,10
CUST01266,2025-09-30,8,42,3,2,1,0,0,17
CUST01267,2025-09-30,2,5,1,1,0,4,1,26
CUST01268,2025-09-30,5,23,2,1,1,5,2,2
CUST01269,2025-09-30,4,10,0,1,0,4,1,18
CUST01270,2025-09-30,4,10,2,1,1,10,0,20
CUST01271,2025-09-30,8,30,2,1,1,4,0,5
CUST01272,2025-09-30,1,5,0,0,0,0,0,8
CUST01273,2025-09-30,1,5,0,0,0,2,0,22
CUST01274,2025-09-30,15,49,6,1,4,0,0,0
CUST01275,2025-09-30,14,74,3,2,2,4,2,0
CUST01276,2025-09-30,3,12,0,1,0,0,0,22
CUST01277,2025-09-30,6,16,2,1,1,5,2,12
CUST01278,2025-09-30,1,5,0,0,0,0,0,6
CUST01279,2025-09-30,3,12,1,0,0,3,1,31
CUST01280,2025-09-30,5,18,1,1,0,3,0,0
CUST01281,2025-09-30,4,24,2,0,0,0,0,43
CUST01282,2025-09-30,5,14,1,0,0,3,0,22
CUST01283,2025-09-30,7,39,2,0,1,0,0,0
CUST01284,2025-09-30,1,6,0,0,0,1,0,25
CUST01285,2025-09-30,3,8,0,0,0,0,0,36
CUST01286,2025-09-30,2,5,1,1,0,1,0,45
CUST01287,2025-09-30,3,9,1,0,1,4,0,14
CUST01288,2025-09-30,0,0,0,0,0,1,0,25
CUST01289,2025-09-30,9,34,1,2,0,5,2,7
CUST01290,2025-09-30,9,40,0,2,0,0,0,15
CUST01291,2025-09-30,3,9,1,1,0,0,0,29
CUST01292,2025-09-30,3,15,1,0,0,0,0,24
CUST01293,2025-09-30,0,0,0,0,0,4,0,1
CUST01294,2025-09-30,9,53,5,2,1,4,0,0
CUST01295,2025-09-30,11,53,6,3,3,2,0,20
CUST01296,2025-09-30,2,5,1,0,0,2,0,15
CUST01297,2025-09-30,6,17,2,1,1,0,0,4
CUST01298,2025-09-30,0,0,0,0,0,0,0,60
CUST01299,2025-09-30,8,48,1,2,0,0,0,35
CUST01300,2025-09-30,10,46,3,1,2,5,0,6
CUST01301,2025-09-30,4,12,1,1,1,0,0,25
CUST01302,2025-09-30,8,22,2,1,1,5,2,0
CUST01303,2025-09-30,3,11,1,1,0,3,0,0
CUST01304,2025-09-30,8,41,3,2,1,0,0,0
CUST01305,2025-09-30,8,22,3,1,1,0,0,4
CUST01306,2025-09-30,2,8,1,0,1,4,2,6
CUST01307,2025-09-30,4,12,2,0,1,5,2,38
CUST01308,2025-09-30,5,17,2,0,1,3,1,33
CUST01309,2025-09-30,2,8,1,0,0,6,0,5
CUST01310,2025-09-30,8,38,1,0,0,6,1,19
CUST01311,2025-09-30,1,5,0,0,0,0,0,19
CUST01312,2025-09-30,5,29,3,1,2,4,0,0
CUST01313,2025-09-30,6,25,1,2,0,0,0,0
CUST01314,2025-09-30,5,23,2,0,1,0,0,0
CUST01315,2025-09-30,1,3,0,0,0,0,0,52
CUST01316,2025-09-30,13,48,6,1,3,7,2,14
CUST01317,2025-09-30,1,3,0,0,0,0,0,48
CUST01318,2025-09-30,2,9,1,0,1,3,1,24
CUST01319,2025-09-30,10,38,4,3,3,3,1,14
CUST01320,2025-09-30,6,32,1,1,1,2,1,40
CUST01321,2025-09-30,12,32,1,1,0,8,2,17
CUST01322,2025-09-30,2,11,1,0,0,0,0,20
CUST01323,2025-09-30,3,18,0,0,0,1,0,46
CUST01324,2025-09-30,1,5,0,0,0,3,1,35
CUST01325,2025-09-30,1,3,0,0,0,2,0,43
CUST01326,2025-09-30,3,14,0,0,0,0,0,23
CUST01327,2025-09-30,10,43,4,1,1,6,2,4
CUST01328,2025-09-30,5,20,1,0,0,0,0,13
CUST01329,2025-09-30,5,24,2,1,1,0,0,9
CUST01330,2025-09-30,6,28,2,1,1,0,0,2
CUST01331,2025-09-30,10,28,1,3,1,4,1,0
CUST01332,2025-09-30,7,34,2,2,1,0,0,6
CUST01333,2025-09-30,2,5,1,0,0,3,1,0
CUST01334,2025-09-30,1,5,0,0,0,0,0,39
CUST01335,2025-09-30,6,19,3,0,1,2,0,0
CUST01336,2025-09-30,0,0,0,0,0,0,0,0
CUST01337,2025-09-30,14,69,5,0,4,3,1,18
CUST01338,2025-09-30,14,66,5,2,2,0,0,0
CUST01339,2025-09-30,3,17,1,1,1,1,0,37
CUST01340,2025-09-30,5,13,2,1,1,0,0,16
CUST01341,2025-09-30,5,13,2,1,1,3,0,26
CUST01342,2025-09-30,10,56,1,0,1,0,0,23
CUST01343,2025-09-30,3,11,1,0,0,0,0,7
CUST01344,2025-09-30,3,17,0,0,0,0,0,60
CUST01345,2025-09-30,7,36,4,2,3,1,0,3
CUST01346,2025-09-30,5,29,1,0,1,2,1,17
CUST01347,2025-09-30,3,18,1,1,1,0,0,27
CUST01348,2025-09-30,3,10,1,1,1,0,0,22
CUST01349,2025-09-30,0,0,0,0,0,7,2,22
CUST01350,2025-09-30,1,4,0,0,0,2,0,26
CUST01351,2025-09-30,7,42,1,2,0,2,0,0
CUST01352,2025-09-30,1,3,0,0,0,0,0,31
CUST01353,2025-09-30,1,3,0,0,0,3,1,19
CUST01354,2025-09-30,10,53,1,2,0,0,0,0
CUST01355,2025-09-30,2,12,1,0,0,0,0,28
CUST01356,2025-09-30,0,0,0,0,0,0,0,17
CUST01357,2025-09-30,2,8,1,0,1,0,0,23
CUST01358,2025-09-30,14,37,2,3,1,10,3,3
CUST01359,2025-09-30,3,18,1,1,1,3,1,15
CUST01360,2025-09-30,6,26,1,2,1,5,2,35
CUST01361,2025-09-30,6,20,2,1,1,1,0,0
CUST01362,2025-09-30,16,82,3,4,2,5,1,6
CUST01363,2025-09-30,7,34,3,1,2,8,2,11
CUST01364,2025-09-30,3,8,1,1,1,0,0,35
CUST01365,2025-09-30,1,3,0,0,0,2,0,47
CUST01366,2025-09-30,4,12,0,0,0,0,0,30
CUST01367,2025-09-30,8,46,2,1,1,3,1,16
CUST01368,2025-09-30,8,42,3,1,2,6,3,60
CUST01369,2025-09-30,10,34,4,1,2,7,2,11
CUST01370,2025-09-30,2,6,1,0,0,0,0,35
CUST01371,2025-09-30,6,18,0,1,0,0,0,2
CUST01372,2025-09-30,5,22,2,1,1,1,0,31
CUST01373,2025-09-30,4,13,2,1,0,0,0,10
CUST01374,2025-09-30,5,26,2,0,1,1,0,24
CUST01375,2025-09-30,4,16,2,0,1,7,3,27
CUST01376,2025-09-30,6,20,2,1,1,0,0,18
CUST01377,2025-09-30,10,28,1,1,0,1,0,0
CUST01378,2025-09-30,14,47,4,1,1,0,0,21
CUST01379,2025-09-30,6,23,2,1,1,3,1,40
CUST01380,2025-09-30,1,6,0,0,0,3,1,11
CUST01381,2025-09-30,11,43,1,3,0,6,3,0
CUST01382,2025-09-30,5,15,1,1,1,8,1,0
CUST01383,2025-09-30,14,44,1,3,0,0,0,3
CUST01384,2025-09-30,5,16,2,1,1,0,0,24
CUST01385,2025-09-30,10,26,5,1,4,9,4,4
CUST01386,2025-09-30,5,18,2,0,1,1,0,0
CUST01387,2025-09-30,2,9,0,1,0,0,0,30
CUST01388,2025-09-30,1,4,0,0,0,0,0,11
CUST01389,2025-09-30,5,26,1,0,0,4,2,3
CUST01390,2025-09-30,11,59,5,3,2,4,1,6
CUST01391,2025-09-30,11,28,1,1,1,3,1,20
CUST01392,2025-09-30,2,5,1,0,1,6,1,3
CUST01393,2025-09-30,0,0,0,0,0,2,1,18
CUST01394,2025-09-30,15,41,5,3,2,2,1,6
CUST01395,2025-09-30,4,11,1,0,1,4,0,9
CUST01396,2025-09-30,2,9,0,0,0,2,0,21
CUST01397,2025-09-30,12,54,2,2,1,0,0,0
CUST01398,2025-09-30,6,22,3,1,1,0,0,0
CUST01399,2025-09-30,10,48,1,2,1,3,1,6
CUST01400,2025-09-30,1,5,1,0,1,1,0,38
CUST01401,2025-09-30,3,13,1,0,0,0,0,23
CUST01402,2025-09-30,0,0,0,0,0,5,2,47
CUST01403,2025-09-30,1,3,1,0,0,5,0,53
CUST01404,2025-09-30,12,48,4,3,2,8,1,24
CUST01405,2025-09-30,2,5,1,0,0,0,0,20
CUST01406,2025-09-30,2,8,0,0,0,0,0,46
CUST01407,2025-09-30,3,17,1,0,0,3,0,17
CUST01408,2025-09-30,0,0,0,0,0,2,0,60
CUST01409,2025-09-30,1,3,0,0,0,0,0,0
CUST01410,2025-09-30,11,59,1,0,0,2,0,18
CUST01411,2025-09-30,0,0,0,0,0,0,0,51
CUST01412,2025-09-30,9,27,5,2,2,0,0,9
CUST01413,2025-09-30,2,12,1,0,1,1,0,39
CUST01414,2025-09-30,10,28,3,2,2,2,1,17
CUST01415,2025-09-30,9,35,4,2,3,6,0,0
CUST01416,2025-09-30,11,43,3,2,1,6,2,20
CUST01417,2025-09-30,3,8,1,1,0,0,0,26
CUST01418,2025-09-30,10,37,1,1,1,9,1,35
CUST01419,2025-09-30,1,5,0,0,0,1,0,11
CUST01420,2025-09-30,14,48,6,2,2,3,1,14
CUST01421,2025-09-30,16,53,8,4,3,0,0,30
CUST01422,2025-09-30,3,11,1,0,0,3,0,17
CUST01423,2025-09-30,5,13,2,1,1,0,0,11
CUST01424,2025-09-30,3,12,1,0,0,0,0,24
CUST01425,2025-09-30,3,15,1,1,0,3,1,5
CUST01426,2025-09-30,8,30,4,0,2,0,0,0
CUST01427,2025-09-30,11,36,2,0,1,5,2,9
CUST01428,2025-09-30,15,68,6,3,3,5,1,13
CUST01429,2025-09-30,4,22,1,0,1,8,2,3
CUST01430,2025-09-30,11,57,4,2,2,0,0,3
CUST01431,2025-09-30,6,32,2,0,1,5,1,5
CUST01432,2025-09-30,2,6,1,0,1,0,0,25
CUST01433,2025-09-30,8,32,3,2,1,0,0,36
CUST01434,2025-09-30,6,22,3,0,1,0,0,4
CUST01435,2025-09-30,0,0,0,0,0,0,0,25
CUST01436,2025-09-30,18,63,5,3,2,5,1,2
CUST01437,2025-09-30,2,10,1,0,1,0,0,58
CUST01438,2025-09-30,0,0,0,0,0,3,0,36
CUST01439,2025-09-30,7,18,2,2,1,1,0,0
CUST01440,2025-09-30,3,13,0,1,0,0,0,1
CUST01441,2025-09-30,1,4,0,0,0,4,2,60
CUST01442,2025-09-30,9,48,2,1,1,3,1,18
CUST01443,2025-09-30,1,5,0,0,0,2,0,9
CUST01444,2025-09-30,2,8,1,0,1,3,1,3
CUST01445,2025-09-30,2,5,1,1,0,8,0,29
CUST01446,2025-09-30,5,27,2,0,1,0,0,21
CUST01447,2025-09-30,13,49,3,2,1,5,0,16
CUST01448,2025-09-30,1,5,0,0,0,0,0,36
CUST01449,2025-09-30,5,14,1,1,1,5,2,0
CUST01450,2025-09-30,2,7,0,0,0,0,0,33
CUST01451,2025-09-30,13,40,2,4,1,6,0,7
CUST01452,2025-09-30,10,52,5,2,1,4,0,18
CUST01453,2025-09-30,7,38,3,1,1,2,1,9
CUST01454,2025-09-30,2,10,0,1,0,4,2,13
CUST01455,2025-09-30,0,0,0,0,0,5,0,60
CUST01456,2025-09-30,7,38,4,2,3,1,0,0
CUST01457,2025-09-30,0,0,0,0,0,2,0,46
CUST01458,2025-09-30,1,5,0,0,0,0,0,0
CUST01459,2025-09-30,4,21,1,1,1,1,0,18
CUST01460,2025-09-30,4,15,1,1,0,0,0,37
CUST01461,2025-09-30,3,17,1,0,1,0,0,35
CUST01462,2025-09-30,3,10,1,0,1,5,0,13
CUST01463,2025-09-30,1,4,0,0,0,4,0,60
CUST01464,2025-09-30,13,53,6,1,3,9,3,7
CUST01465,2025-09-30,16,89,4,1,2,0,0,0
CUST01466,2025-09-30,2,7,1,0,1,3,1,4
CUST01467,2025-09-30,5,16,2,1,0,0,0,17
CUST01468,2025-09-30,4,22,2,1,1,0,0,20
CUST01469,2025-09-30,0,0,0,0,0,4,1,0
CUST01470,2025-09-30,1,4,1,0,1,3,0,60
CUST01471,2025-09-30,8,21,0,0,0,0,0,21
CUST01472,2025-09-30,3,15,1,0,0,2,1,0
CUST01473,2025-09-30,5,24,0,0,0,2,1,9
CUST01474,2025-09-30,8,34,1,1,1,8,0,0
CUST01475,2025-09-30,0,0,0,0,0,0,0,18
CUST01476,2025-09-30,0,0,0,0,0,0,0,29
CUST01477,2025-09-30,3,14,0,0,0,4,2,13
CUST01478,2025-09-30,10,37,4,0,2,3,0,24
CUST01479,2025-09-30,0,0,0,0,0,2,1,9
CUST01480,2025-09-30,3,9,0,0,0,0,0,60
CUST01481,2025-09-30,4,11,1,0,0,2,1,17
CUST01482,2025-09-30,1,3,0,0,0,4,1,44
CUST01483,2025-09-30,5,18,2,1,1,4,0,7
CUST01484,2025-09-30,1,3,0,0,0,0,0,15
CUST01485,2025-09-30,6,17,2,0,1,3,1,17
CUST01486,2025-09-30,5,26,2,1,0,0,0,10
CUST01487,2025-09-30,1,4,0,0,0,4,1,45
CUST01488,2025-09-30,14,72,3,3,1,8,2,3
CUST01489,2025-09-30,9,34,1,1,0,0,0,0
CUST01490,2025-09-30,3,9,1,0,0,0,0,39
CUST01491,2025-09-30,6,24,2,2,0,0,0,16
CUST01492,2025-09-30,10,51,5,0,1,6,0,18
CUST01493,2025-09-30,0,0,0,0,0,0,0,16
CUST01494,2025-09-30,1,6,0,0,0,8,1,56
CUST01495,2025-09-30,0,0,0,0,0,4,0,7
CUST01496,2025-09-30,9,45,3,0,2,7,3,3
CUST01497,2025-09-30,9,24,0,1,0,1,0,14
CUST01498,2025-09-30,14,72,4,4,1,0,0,0
CUST01499,2025-09-30,3,16,0,0,0,0,0,28
CUST01500,2025-09-30,8,38,2,0,1,4,0,18
CUST01501,2025-09-30,6,32,1,1,1,1,0,7
CUST01502,2025-09-30,15,68,1,4,0,6,1,5
CUST01503,2025-09-30,8,35,3,1,2,0,0,16
CUST01504,2025-09-30,0,0,0,0,0,4,1,32
CUST01505,2025-09-30,2,8,1,0,1,6,2,1
CUST01506,2025-09-30,4,15,0,1,0,0,0,32
CUST01507,2025-09-30,5,28,1,0,0,1,0,33
CUST01508,2025-09-30,10,58,1,1,1,10,4,3
CUST01509,2025-09-30,17,97,8,4,1,0,0,0
CUST01510,2025-09-30,7,38,1,1,1,5,2,32
CUST01511,2025-09-30,11,44,4,3,2,6,1,28
CUST01512,2025-09-30,3,16,1,1,0,3,0,11
CUST01513,2025-09-30,0,0,0,0,0,0,0,35
CUST01514,2025-09-30,5,29,1,0,1,6,3,23
CUST01515,2025-09-30,4,23,0,0,0,0,0,20
CUST01516,2025-09-30,15,55,1,2,0,5,2,34
CUST01517,2025-09-30,4,10,1,1,1,4,0,23
CUST01518,2025-09-30,1,5,0,0,0,0,0,60
CUST01519,2025-09-30,0,0,0,0,0,0,0,20
CUST01520,2025-09-30,10,49,1,2,0,0,0,12
CUST01521,2025-09-30,2,10,0,0,0,0,0,0
CUST01522,2025-09-30,2,7,0,0,0,5,1,16
CUST01523,2025-09-30,1,3,0,0,0,4,1,0
CUST01524,2025-09-30,5,25,3,1,1,2,1,0
CUST01525,2025-09-30,1,4,0,0,0,0,0,19
CUST01526,2025-09-30,7,40,1,2,0,5,2,2
CUST01527,2025-09-30,1,6,0,0,0,3,1,60
CUST01528,2025-09-30,13,36,5,2,2,0,0,10
CUST01529,2025-09-30,0,0,0,0,0,0,0,39
CUST01530,2025-09-30,7,23,3,1,0,6,2,35
CUST01531,2025-09-30,3,13,1,0,1,4,1,48
CUST01532,2025-09-30,6,26,0,2,0,3,1,29
CUST01533,2025-09-30,6,34,2,1,0,3,0,22
CUST01534,2025-09-30,7,25,3,2,2,1,0,15
CUST01535,2025-09-30,9,41,2,1,1,8,4,6
CUST01536,2025-09-30,2,7,0,0,0,0,0,0
CUST01537,2025-09-30,3,17,1,1,1,0,0,34
CUST01538,2025-09-30,8,41,2,2,1,3,1,17
CUST01539,2025-09-30,0,0,0,0,0,3,0,29
CUST01540,2025-09-30,4,15,1,0,0,4,1,29
CUST01541,2025-09-30,5,21,1,1,1,1,0,26
CUST01542,2025-09-30,15,54,3,3,2,1,0,0
CUST01543,2025-09-30,8,25,3,1,1,7,2,31
CUST01544,2025-09-30,11,65,2,2,1,4,2,29
CUST01545,2025-09-30,4,14,2,1,1,2,0,28
CUST01546,2025-09-30,4,21,1,0,1,6,1,0
CUST01547,2025-09-30,4,23,0,1,0,3,1,16
CUST01548,2025-09-30,2,5,1,0,0,0,0,18
CUST01549,2025-09-30,15,65,5,3,1,0,0,45
CUST01550,2025-09-30,5,28,3,1,1,4,0,37
CUST01551,2025-09-30,11,62,3,1,1,0,0,18
CUST01552,2025-09-30,3,11,1,0,0,0,0,19
CUST01553,2025-09-30,4,17,2,0,1,3,1,27
CUST01554,2025-09-30,8,29,0,1,0,3,1,4
CUST01555,2025-09-30,5,25,1,1,1,5,2,9
CUST01556,2025-09-30,1,4,0,0,0,5,2,0
CUST01557,2025-09-30,9,33,4,1,2,2,0,22
CUST01558,2025-09-30,1,6,0,0,0,0,0,38
CUST01559,2025-09-30,5,20,3,1,2,5,2,8
CUST01560,2025-09-30,14,50,6,3,2,5,2,6
CUST01561,2025-09-30,5,17,1,1,0,6,3,16
CUST01562,2025-09-30,17,52,7,3,5,0,0,4
CUST01563,2025-09-30,0,0,0,0,0,0,0,0
CUST01564,2025-09-30,1,4,0,0,0,4,0,45
CUST01565,2025-09-30,4,15,1,1,1,2,1,8
CUST01566,2025-09-30,0,0,0,0,0,0,0,6
CUST01567,2025-09-30,3,17,1,0,1,4,1,60
CUST01568,2025-09-30,2,9,1,0,0,2,0,31
CUST01569,2025-09-30,20,98,11,4,7,0,0,22
CUST01570,2025-09-30,2,5,1,0,1,3,0,34
CUST01571,2025-09-30,1,3,0,0,0,3,1,51
CUST01572,2025-09-30,1,6,0,0,0,4,1,45
CUST01573,2025-09-30,7,35,4,2,2,0,0,13
CUST01574,2025-09-30,2,9,0,0,0,2,1,35
CUST01575,2025-09-30,1,3,0,0,0,1,0,42
CUST01576,2025-09-30,10,50,3,2,1,2,0,23
CUST01577,2025-09-30,3,11,1,0,1,0,0,16
CUST01578,2025-09-30,4,17,1,1,0,7,3,0
CUST01579,2025-09-30,9,34,4,2,1,2,1,16
CUST01580,2025-09-30,14,38,1,2,1,7,1,10
CUST01581,2025-09-30,6,29,3,2,1,0,0,5
CUST01582,2025-09-30,5,28,1,0,0,2,1,14
CUST01583,2025-09-30,2,11,1,0,0,5,2,42
CUST01584,2025-09-30,6,35,0,2,0,1,0,0
CUST01585,2025-09-30,4,14,1,0,1,7,0,9
CUST01586,2025-09-30,7,21,1,1,1,5,1,0
CUST01587,2025-09-30,10,32,4,0,1,0,0,39
CUST01588,2025-09-30,2,6,1,0,0,0,0,38
CUST01589,2025-09-30,1,3,0,0,0,2,0,24
CUST01590,2025-09-30,8,31,3,1,2,4,0,29
CUST01591,2025-09-30,4,15,2,1,1,0,0,23
CUST01592,2025-09-30,8,45,4,0,2,3,0,26
CUST01593,2025-09-30,18,57,10,2,3,7,2,0
CUST01594,2025-09-30,2,8,0,0,0,5,0,0
CUST01595,2025-09-30,8,30,3,0,1,5,1,11
CUST01596,2025-09-30,7,36,3,1,1,2,1,13
CUST01597,2025-09-30,4,19,1,0,0,0,0,17
CUST01598,2025-09-30,4,22,1,0,0,4,2,0
CUST01599,2025-09-30,3,8,1,1,0,4,2,35
CUST01600,2025-09-30,2,11,1,0,0,0,0,9
CUST01601,2025-09-30,6,30,3,2,1,3,0,1
CUST01602,2025-09-30,8,25,4,1,3,3,1,7
CUST01603,2025-09-30,0,0,0,0,0,0,0,27
CUST01604,2025-09-30,17,45,6,2,4,5,1,33
CUST01605,2025-09-30,3,18,2,0,1,0,0,0
CUST01606,2025-09-30,1,6,0,0,0,0,0,36
CUST01607,2025-09-30,7,24,1,1,1,0,0,37
CUST01608,2025-09-30,1,4,0,0,0,4,2,17
CUST01609,2025-09-30,4,20,1,1,0,2,0,4
CUST01610,2025-09-30,4,23,1,1,1,5,2,12
CUST01611,2025-09-30,1,3,0,0,0,8,3,6
CUST01612,2025-09-30,1,5,1,0,0,0,0,60
CUST01613,2025-09-30,0,0,0,0,0,2,1,60
CUST01614,2025-09-30,4,17,2,1,1,0,0,4
CUST01615,2025-09-30,3,14,1,1,0,0,0,3
CUST01616,2025-09-30,4,22,0,1,0,6,2,17
CUST01617,2025-09-30,9,30,4,1,3,0,0,6
CUST01618,2025-09-30,2,7,0,1,0,0,0,30
CUST01619,2025-09-30,8,43,2,2,1,3,1,5
CUST01620,2025-09-30,7,41,2,2,0,7,1,2
CUST01621,2025-09-30,10,57,2,1,0,6,3,3
CUST01622,2025-09-30,6,26,1,0,1,5,2,4
CUST01623,2025-09-30,0,0,0,0,0,6,0,60
CUST01624,2025-09-30,11,46,2,3,1,0,0,11
CUST01625,2025-09-30,7,29,1,2,1,3,1,3
CUST01626,2025-09-30,6,18,1,1,1,0,0,1
CUST01627,2025-09-30,1,5,0,0,0,2,0,53
CUST01628,2025-09-30,4,17,1,1,0,0,0,25
CUST01629,2025-09-30,1,4,0,0,0,0,0,18
CUST01630,2025-09-30,6,22,3,1,2,4,1,10
CUST01631,2025-09-30,14,63,6,3,4,4,1,0
CUST01632,2025-09-30,4,22,2,1,1,0,0,11
CUST01633,2025-09-30,3,16,1,1,0,2,1,19
CUST01634,2025-09-30,6,25,1,1,0,0,0,5
CUST01635,2025-09-30,10,40,1,2,1,6,2,5
CUST01636,2025-09-30,10,33,4,0,2,7,2,9
CUST01637,2025-09-30,8,21,4,1,1,6,2,19
CUST01638,2025-09-30,9,26,0,1,0,4,1,22
CUST01639,2025-09-30,3,10,1,1,0,0,0,29
CUST01640,2025-09-30,6,35,3,0,2,0,0,12
CUST01641,2025-09-30,13,60,2,1,1,0,0,22
CUST01642,2025-09-30,5,15,2,1,0,5,0,0
CUST01643,2025-09-30,5,28,0,1,0,6,2,30
CUST01644,2025-09-30,5,18,1,1,1,6,3,8
CUST01645,2025-09-30,9,37,5,2,4,5,1,14
CUST01646,2025-09-30,10,32,3,2,1,0,0,5
CUST01647,2025-09-30,8,31,4,2,1,0,0,0
CUST01648,2025-09-30,2,10,1,1,0,7,3,23
CUST01649,2025-09-30,1,4,0,0,0,0,0,56
CUST01650,2025-09-30,9,38,2,1,1,8,3,21
CUST01651,2025-09-30,0,0,0,0,0,4,1,0
CUST01652,2025-09-30,2,8,0,0,0,0,0,13
CUST01653,2025-09-30,0,0,0,0,0,0,0,5
CUST01654,2025-09-30,2,6,0,0,0,6,2,26
CUST01655,2025-09-30,2,8,1,0,1,0,0,7
CUST01656,2025-09-30,16,79,6,1,3,11,4,2
CUST01657,2025-09-30,2,10,1,0,0,1,0,60
CUST01658,2025-09-30,3,11,2,1,1,4,0,13
CUST01659,2025-09-30,8,23,4,1,1,1,0,13
CUST01660,2025-09-30,10,25,4,1,2,6,3,0
CUST01661,2025-09-30,0,0,0,0,0,0,0,18
CUST01662,2025-09-30,3,8,2,1,1,0,0,6
CUST01663,2025-09-30,4,17,0,1,0,0,0,14
CUST01664,2025-09-30,20,103,4,5,3,5,1,4
CUST01665,2025-09-30,6,24,1,1,1,7,1,6
CUST01666,2025-09-30,5,21,0,0,0,8,4,57
CUST01667,2025-09-30,12,41,6,3,1,8,2,27
CUST01668,2025-09-30,7,36,4,1,1,5,0,14
CUST01669,2025-09-30,0,0,0,0,0,0,0,26
CUST01670,2025-09-30,15,60,4,2,1,0,0,5
CUST01671,2025-09-30,1,3,0,0,0,0,0,22
CUST01672,2025-09-30,7,39,2,0,1,0,0,0
CUST01673,2025-09-30,3,16,1,1,0,2,1,31
CUST01674,2025-09-30,5,29,1,0,0,5,0,29
CUST01675,2025-09-30,3,12,1,0,1,0,0,35
CUST01676,2025-09-30,5,24,1,1,1,3,1,40
CUST01677,2025-09-30,3,10,1,0,0,0,0,6
CUST01678,2025-09-30,1,5,0,0,0,0,0,11
CUST01679,2025-09-30,7,32,2,1,0,5,2,16
CUST01680,2025-09-30,12,34,1,3,0,0,0,0
CUST01681,2025-09-30,6,29,3,0,1,0,0,10
CUST01682,2025-09-30,0,0,0,0,0,0,0,49
CUST01683,2025-09-30,7,29,3,1,1,0,0,7
CUST01684,2025-09-30,4,12,2,1,1,0,0,8
CUST01685,2025-09-30,2,6,1,0,0,0,0,49
CUST01686,2025-09-30,0,0,0,0,0,0,0,38
CUST01687,2025-09-30,3,13,1,0,0,1,0,24
CUST01688,2025-09-30,9,26,1,2,1,2,0,26
CUST01689,2025-09-30,6,33,3,1,2,2,1,7
CUST01690,2025-09-30,2,12,1,0,0,2,0,10
CUST01691,2025-09-30,8,23,1,2,0,0,0,17
CUST01692,2025-09-30,6,26,2,1,1,4,1,27
CUST01693,2025-09-30,11,33,1,2,1,6,3,5
CUST01694,2025-09-30,10,55,2,0,1,5,2,2
CUST01695,2025-09-30,22,93,12,6,3,8,4,2
CUST01696,2025-09-30,1,4,0,0,0,3,1,16
CUST01697,2025-09-30,5,15,1,1,0,4,1,14
CUST01698,2025-09-30,5,23,1,0,1,7,1,0
CUST01699,2025-09-30,2,7,0,0,0,3,0,60
CUST01700,2025-09-30,14,39,6,2,4,6,2,22
CUST01701,2025-09-30,3,15,2,0,1,3,1,16
CUST01702,2025-09-30,3,14,0,1,0,0,0,31
CUST01703,2025-09-30,6,23,0,1,0,0,0,4
CUST01704,2025-09-30,13,50,2,3,0,7,2,24
CUST01705,2025-09-30,21,74,2,4,1,13,2,0
CUST01706,2025-09-30,6,19,1,1,1,0,0,0
CUST01707,2025-09-30,5,26,0,1,0,0,0,0
CUST01708,2025-09-30,7,41,1,1,1,0,0,0
CUST01709,2025-09-30,1,3,0,0,0,7,3,26
CUST01710,2025-09-30,10,44,2,2,1,6,1,0
CUST01711,2025-09-30,2,11,0,0,0,6,2,27
CUST01712,2025-09-30,9,44,1,2,0,2,0,23
CUST01713,2025-09-30,1,3,0,0,0,0,0,10
CUST01714,2025-09-30,0,0,0,0,0,2,0,36
CUST01715,2025-09-30,4,14,1,1,0,3,1,35
CUST01716,2025-09-30,1,4,0,0,0,0,0,6
CUST01717,2025-09-30,6,22,2,1,1,1,0,12
CUST01718,2025-09-30,4,11,1,1,0,5,2,19
CUST01719,2025-09-30,4,21,0,1,0,0,0,20
CUST01720,2025-09-30,9,29,3,1,1,9,4,3
CUST01721,2025-09-30,5,20,2,1,1,0,0,19
CUST01722,2025-09-30,1,6,0,0,0,1,0,9
CUST01723,2025-09-30,4,17,1,1,0,0,0,7
CUST01724,2025-09-30,12,57,5,3,1,0,0,14
CUST01725,2025-09-30,8,33,4,1,2,4,0,20
CUST01726,2025-09-30,17,99,8,2,3,8,2,4
CUST01727,2025-09-30,13,43,5,1,3,9,0,1
CUST01728,2025-09-30,5,29,1,1,0,2,1,0
CUST01729,2025-09-30,11,64,5,3,2,3,1,0
CUST01730,2025-09-30,7,28,2,1,1,6,3,15
CUST01731,2025-09-30,1,3,0,0,0,4,2,15
CUST01732,2025-09-30,4,17,1,1,0,1,0,4
CUST01733,2025-09-30,2,10,0,0,0,4,0,18
CUST01734,2025-09-30,2,12,0,1,0,1,0,39
CUST01735,2025-09-30,6,27,3,1,1,3,1,4
CUST01736,2025-09-30,8,29,2,2,1,5,1,13
CUST01737,2025-09-30,9,52,4,2,2,4,0,7
CUST01738,2025-09-30,7,32,3,1,1,6,3,6
CUST01739,2025-09-30,5,15,2,1,0,0,0,7
CUST01740,2025-09-30,1,3,0,0,0,0,0,5
CUST01741,2025-09-30,2,9,0,1,0,0,0,0
CUST01742,2025-09-30,13,61,5,2,3,8,3,34
CUST01743,2025-09-30,6,28,1,1,0,3,0,14
CUST01744,2025-09-30,3,17,1,0,1,0,0,19
CUST01745,2025-09-30,6,26,2,0,1,7,2,45
CUST01746,2025-09-30,1,6,0,0,0,4,2,48
CUST01747,2025-09-30,7,32,4,1,1,3,1,5
CUST01748,2025-09-30,4,22,2,1,0,6,3,10
CUST01749,2025-09-30,0,0,0,0,0,4,0,36
CUST01750,2025-09-30,4,13,2,0,1,0,0,39
CUST01751,2025-09-30,3,8,0,0,0,3,0,7
CUST01752,2025-09-30,2,7,1,0,0,0,0,26
CUST01753,2025-09-30,4,13,1,1,1,3,0,6
CUST01754,2025-09-30,4,20,1,0,1,2,1,0
CUST01755,2025-09-30,3,15,1,0,1,0,0,29
CUST01756,2025-09-30,12,52,4,3,3,5,2,8
CUST01757,2025-09-30,1,5,0,0,0,0,0,40
CUST01758,2025-09-30,2,11,1,0,1,2,1,10
CUST01759,2025-09-30,3,17,1,1,1,1,0,21
CUST01760,2025-09-30,2,5,1,0,1,1,0,5
CUST01761,2025-09-30,2,9,1,0,0,4,1,21
CUST01762,2025-09-30,1,5,0,0,0,0,0,16
CUST01763,2025-09-30,3,15,2,1,1,0,0,0
CUST01764,2025-09-30,5,24,1,1,0,0,0,3
CUST01765,2025-09-30,0,0,0,0,0,5,1,51
CUST01766,2025-09-30,4,20,1,0,1,2,0,36
CUST01767,2025-09-30,5,24,1,1,0,1,0,33
CUST01768,2025-09-30,10,52,2,2,0,8,3,28
CUST01769,2025-09-30,10,39,5,2,1,7,3,11
CUST01770,2025-09-30,2,12,0,1,0,0,0,4
CUST01771,2025-09-30,14,49,1,1,1,10,1,0
CUST01772,2025-09-30,0,0,0,0,0,3,0,53
CUST01773,2025-09-30,5,28,2,1,1,6,2,41
CUST01774,2025-09-30,0,0,0,0,0,5,2,22
CUST01775,2025-09-30,6,16,1,2,1,2,0,14
CUST01776,2025-09-30,4,16,1,0,0,4,2,12
CUST01777,2025-09-30,6,31,0,1,0,3,1,44
CUST01778,2025-09-30,6,21,2,2,1,5,0,17
CUST01779,2025-09-30,3,14,0,1,0,4,2,37
CUST01780,2025-09-30,8,30,4,2,2,6,0,0
CUST01781,2025-09-30,3,9,2,0,1,4,2,53
CUST01782,2025-09-30,1,6,0,0,0,4,0,31
CUST01783,2025-09-30,1,4,0,0,0,2,0,0
CUST01784,2025-09-30,12,54,6,3,3,4,0,20
CUST01785,2025-09-30,1,6,0,0,0,0,0,6
CUST01786,2025-09-30,2,9,0,0,0,1,0,9
CUST01787,2025-09-30,6,18,2,1,1,2,1,16
CUST01788,2025-09-30,4,12,1,1,1,2,0,0
CUST01789,2025-09-30,6,26,1,0,1,0,0,0
CUST01790,2025-09-30,1,4,0,0,0,0,0,12
CUST01791,2025-09-30,5,17,0,1,0,0,0,12
CUST01792,2025-09-30,12,36,5,3,2,3,1,0
CUST01793,2025-09-30,3,12,0,1,0,4,1,15
CUST01794,2025-09-30,8,47,1,2,1,3,1,0
CUST01795,2025-09-30,7,23,1,2,0,3,1,12
CUST01796,2025-09-30,4,24,1,1,1,0,0,8
CUST01797,2025-09-30,6,35,3,0,1,0,0,31
CUST01798,2025-09-30,5,29,2,1,1,2,0,2
CUST01799,2025-09-30,0,0,0,0,0,0,0,12
CUST01800,2025-09-30,5,17,2,0,1,3,1,25
CUST01801,2025-09-30,10,56,3,1,2,3,1,15
CUST01802,2025-09-30,3,11,0,0,0,0,0,14
CUST01803,2025-09-30,1,5,0,0,0,0,0,15
CUST01804,2025-09-30,4,23,0,0,0,3,0,42
CUST01805,2025-09-30,0,0,0,0,0,3,1,23
CUST01806,2025-09-30,8,22,3,2,2,6,2,1
CUST01807,2025-09-30,3,13,1,0,1,4,1,18
CUST01808,2025-09-30,5,20,2,1,0,3,0,2
CUST01809,2025-09-30,2,5,0,0,0,3,1,8
CUST01810,2025-09-30,8,20,4,2,1,6,2,25
CUST01811,2025-09-30,7,27,2,1,1,6,2,22
CUST01812,2025-09-30,16,80,4,1,2,6,0,0
CUST01813,2025-09-30,5,29,1,1,0,6,3,0
CUST01814,2025-09-30,6,24,0,1,0,1,0,6
CUST01815,2025-09-30,4,19,1,1,1,0,0,8
CUST01816,2025-09-30,2,6,0,0,0,0,0,45
CUST01817,2025-09-30,6,26,2,0,1,0,0,30
CUST01818,2025-09-30,1,5,0,0,0,3,0,38
CUST01819,2025-09-30,2,11,1,0,0,0,0,19
CUST01820,2025-09-30,7,35,1,1,1,1,0,16
CUST01821,2025-09-30,2,10,0,1,0,0,0,25
CUST01822,2025-09-30,1,3,1,0,1,6,0,11
CUST01823,2025-09-30,6,19,3,1,2,3,0,0
CUST01824,2025-09-30,4,13,2,1,1,4,1,37
CUST01825,2025-09-30,14,39,4,4,2,7,1,0
CUST01826,2025-09-30,0,0,0,0,0,0,0,15
CUST01827,2025-09-30,8,22,3,1,0,0,0,0
CUST01828,2025-09-30,5,18,2,1,0,6,3,16
CUST01829,2025-09-30,4,14,1,0,0,2,0,17
CUST01830,2025-09-30,2,8,0,0,0,0,0,4
CUST01831,2025-09-30,13,44,6,1,3,0,0,3
CUST01832,2025-09-30,3,14,1,1,1,6,0,30
CUST01833,2025-09-30,1,4,0,0,0,7,3,7
CUST01834,2025-09-30,5,28,1,0,1,4,2,0
CUST01835,2025-09-30,15,84,5,3,1,8,2,20
CUST01836,2025-09-30,12,67,3,1,1,7,1,19
CUST01837,2025-09-30,5,19,2,1,1,0,0,9
CUST01838,2025-09-30,7,21,3,1,1,0,0,16
CUST01839,2025-09-30,15,75,5,4,3,6,3,0
CUST01840,2025-09-30,5,16,2,1,1,2,0,9
CUST01841,2025-09-30,17,87,3,3,0,7,0,14
CUST01842,2025-09-30,0,0,0,0,0,5,1,31
CUST01843,2025-09-30,8,37,2,2,1,0,0,3
CUST01844,2025-09-30,8,47,3,0,2,1,0,18
CUST01845,2025-09-30,3,16,1,1,0,0,0,53
CUST01846,2025-09-30,5,18,2,1,1,0,0,10
CUST01847,2025-09-30,2,9,1,0,0,4,0,1
CUST01848,2025-09-30,10,32,5,1,2,2,0,1
CUST01849,2025-09-30,3,11,1,0,1,0,0,12
CUST01850,2025-09-30,5,13,0,1,0,0,0,7
CUST01851,2025-09-30,2,7,1,1,0,2,1,60
CUST01852,2025-09-30,2,9,0,0,0,6,3,0
CUST01853,2025-09-30,0,0,0,0,0,0,0,27
CUST01854,2025-09-30,5,26,0,1,0,0,0,19
CUST01855,2025-09-30,11,33,4,1,2,7,2,5
CUST01856,2025-09-30,0,0,0,0,0,4,0,44
CUST01857,2025-09-30,1,4,0,0,0,0,0,7
CUST01858,2025-09-30,9,42,3,1,1,6,1,4
CUST01859,2025-09-30,12,69,2,1,1,10,5,0
CUST01860,2025-09-30,9,40,3,1,1,0,0,19
CUST01861,2025-09-30,4,10,1,1,0,5,2,20
CUST01862,2025-09-30,4,24,1,0,1,7,1,17
CUST01863,2025-09-30,4,23,1,1,1,0,0,47
CUST01864,2025-09-30,3,12,2,1,0,0,0,44
CUST01865,2025-09-30,4,21,2,1,1,6,1,13
CUST01866,2025-09-30,16,93,2,3,1,5,0,0
CUST01867,2025-09-30,2,12,1,1,1,0,0,0
CUST01868,2025-09-30,4,18,1,1,1,4,1,15
CUST01869,2025-09-30,13,43,1,2,0,0,0,17
CUST01870,2025-09-30,9,39,4,1,1,4,1,7
CUST01871,2025-09-30,1,5,0,0,0,0,0,30
CUST01872,2025-09-30,4,16,1,1,1,1,0,4
CUST01873,2025-09-30,5,13,2,1,0,3,1,0
CUST01874,2025-09-30,1,5,0,0,0,3,0,16
CUST01875,2025-09-30,0,0,0,0,0,0,0,13
CUST01876,2025-09-30,1,4,0,0,0,0,0,27
CUST01877,2025-09-30,1,4,0,0,0,0,0,0
CUST01878,2025-09-30,4,13,1,0,0,2,0,6
CUST01879,2025-09-30,5,16,1,1,0,6,2,4
CUST01880,2025-09-30,3,8,0,1,0,0,0,50
CUST01881,2025-09-30,0,0,0,0,0,0,0,6
CUST01882,2025-09-30,0,0,0,0,0,0,0,41
CUST01883,2025-09-30,2,11,1,0,0,3,0,0
CUST01884,2025-09-30,2,7,1,0,0,2,0,51
CUST01885,2025-09-30,9,39,3,0,2,7,2,3
CUST01886,2025-09-30,6,22,2,0,0,0,0,23
CUST01887,2025-09-30,1,3,0,0,0,4,1,30
CUST01888,2025-09-30,3,13,1,0,0,3,1,3
CUST01889,2025-09-30,5,19,2,0,1,0,0,20
CUST01890,2025-09-30,1,4,0,0,0,7,3,40
CUST01891,2025-09-30,0,0,0,0,0,0,0,30
CUST01892,2025-09-30,5,13,1,1,1,3,1,7
CUST01893,2025-09-30,2,10,1,0,0,3,1,4
CUST01894,2025-09-30,2,5,1,0,1,5,2,23
CUST01895,2025-09-30,7,31,2,1,1,7,3,60
CUST01896,2025-09-30,10,57,2,3,1,8,2,23
CUST01897,2025-09-30,7,33,3,1,1,0,0,0
CUST01898,2025-09-30,1,3,0,0,0,0,0,50
CUST01899,2025-09-30,2,5,1,0,1,2,0,7
CUST01900,2025-09-30,9,35,1,1,0,6,2,0
CUST01901,2025-09-30,6,35,2,0,1,4,2,32
CUST01902,2025-09-30,1,4,0,0,0,1,0,19
CUST01903,2025-09-30,8,29,2,1,1,0,0,0
CUST01904,2025-09-30,4,23,2,1,1,0,0,3
CUST01905,2025-09-30,6,33,1,1,0,8,3,1
CUST01906,2025-09-30,3,17,0,1,0,2,0,28
CUST01907,2025-09-30,3,8,1,0,1,2,1,24
CUST01908,2025-09-30,1,4,0,0,0,0,0,49
CUST01909,2025-09-30,13,56,2,3,1,0,0,5
CUST01910,2025-09-30,1,6,1,0,0,0,0,40
CUST01911,2025-09-30,4,12,0,1,0,0,0,9
CUST01912,2025-09-30,13,70,2,3,1,2,0,10
CUST01913,2025-09-30,2,11,1,0,0,0,0,6
CUST01914,2025-09-30,7,26,1,1,1,5,0,15
CUST01915,2025-09-30,1,3,0,0,0,0,0,57
CUST01916,2025-09-30,3,13,1,1,1,4,1,0
CUST01917,2025-09-30,2,11,1,0,0,1,0,37
CUST01918,2025-09-30,1,5,0,0,0,3,1,39
CUST01919,2025-09-30,10,40,3,1,1,0,0,6
CUST01920,2025-09-30,1,3,0,0,0,1,0,48
CUST01921,2025-09-30,9,46,5,1,2,1,0,20
CUST01922,2025-09-30,10,52,4,1,1,4,1,9
CUST01923,2025-09-30,9,42,2,1,1,6,2,35
CUST01924,2025-09-30,13,57,4,2,1,0,0,6
CUST01925,2025-09-30,12,45,4,2,2,5,2,0
CUST01926,2025-09-30,5,28,1,1,0,0,0,18
CUST01927,2025-09-30,1,5,0,0,0,2,1,25
CUST01928,2025-09-30,14,36,6,2,3,7,3,11
CUST01929,2025-09-30,5,24,2,1,1,0,0,29
CUST01930,2025-09-30,2,5,1,0,1,0,0,12
CUST01931,2025-09-30,11,32,4,2,1,4,0,6
CUST01932,2025-09-30,11,56,2,3,1,10,2,2
CUST01933,2025-09-30,6,18,2,0,0,5,2,0
CUST01934,2025-09-30,8,31,2,2,1,0,0,0
CUST01935,2025-09-30,8,27,1,2,0,3,1,5
CUST01936,2025-09-30,8,38,3,2,1,7,2,0
CUST01937,2025-09-30,3,9,0,1,0,2,0,27
CUST01938,2025-09-30,4,22,1,1,1,0,0,0
CUST01939,2025-09-30,13,44,5,3,3,0,0,15
CUST01940,2025-09-30,12,60,1,3,0,7,1,14
CUST01941,2025-09-30,11,39,5,1,3,0,0,14
CUST01942,2025-09-30,4,19,0,1,0,5,2,41
CUST01943,2025-09-30,10,33,3,2,2,1,0,23
CUST01944,2025-09-30,6,25,1,1,0,0,0,4
CUST01945,2025-09-30,0,0,0,0,0,0,0,24
CUST01946,2025-09-30,4,22,2,1,1,4,2,10
CUST01947,2025-09-30,6,25,1,1,0,2,1,20
CUST01948,2025-09-30,3,9,1,1,0,1,0,47
CUST01949,2025-09-30,9,44,2,1,0,0,0,31
CUST01950,2025-09-30,2,11,0,0,0,3,0,32
CUST01951,2025-09-30,2,11,1,0,0,5,0,46
CUST01952,2025-09-30,3,11,1,1,1,0,0,59
CUST01953,2025-09-30,0,0,0,0,0,1,0,38
CUST01954,2025-09-30,2,9,1,0,1,3,0,12
CUST01955,2025-09-30,11,41,1,1,1,9,4,2
CUST01956,2025-09-30,5,14,1,1,0,3,1,2
CUST01957,2025-09-30,3,11,1,0,0,0,0,50
CUST01958,2025-09-30,5,29,0,1,0,0,0,20
CUST01959,2025-09-30,4,21,1,0,0,0,0,2
CUST01960,2025-09-30,4,19,1,1,1,0,0,3
CUST01961,2025-09-30,1,5,1,0,1,3,1,16
CUST01962,2025-09-30,2,9,0,0,0,0,0,23
CUST01963,2025-09-30,6,16,2,0,1,3,0,30
CUST01964,2025-09-30,4,17,1,1,0,0,0,0
CUST01965,2025-09-30,3,13,1,0,0,8,1,39
CUST01966,2025-09-30,9,27,2,1,1,0,0,16
CUST01967,2025-09-30,12,41,2,3,1,4,0,2
CUST01968,2025-09-30,2,12,0,1,0,2,1,3
CUST01969,2025-09-30,3,16,0,0,0,3,0,23
CUST01970,2025-09-30,14,64,4,1,3,5,2,17
CUST01971,2025-09-30,12,30,3,2,1,7,1,6
CUST01972,2025-09-30,15,78,1,4,0,0,0,0
CUST01973,2025-09-30,18,104,10,3,2,5,2,23
CUST01974,2025-09-30,9,43,1,2,0,2,0,2
CUST01975,2025-09-30,9,29,3,1,1,5,0,6
CUST01976,2025-09-30,15,52,8,4,4,7,1,25
CUST01977,2025-09-30,8,39,2,2,1,0,0,8
CUST01978,2025-09-30,2,7,1,1,0,2,1,27
CUST01979,2025-09-30,13,72,4,3,2,0,0,7
CUST01980,2025-09-30,10,31,2,2,0,6,2,3
CUST01981,2025-09-30,13,75,6,4,4,6,2,12
CUST01982,2025-09-30,5,19,0,1,0,1,0,11
CUST01983,2025-09-30,13,54,5,3,1,3,1,13
CUST01984,2025-09-30,8,47,4,1,1,4,2,9
CUST01985,2025-09-30,12,49,7,2,5,2,0,12
CUST01986,2025-09-30,17,96,6,2,4,9,1,1
CUST01987,2025-09-30,4,10,2,0,1,0,0,27
CUST01988,2025-09-30,2,6,0,0,0,0,0,3
CUST01989,2025-09-30,0,0,0,0,0,0,0,10
CUST01990,2025-09-30,11,29,3,3,2,4,1,7
CUST01991,2025-09-30,8,31,2,1,1,0,0,13
CUST01992,2025-09-30,7,39,1,2,1,3,1,16
CUST01993,2025-09-30,0,0,0,0,0,0,0,7
CUST01994,2025-09-30,0,0,0,0,0,0,0,11
CUST01995,2025-09-30,2,9,0,0,0,0,0,24
CUST01996,2025-09-30,2,6,0,0,0,2,1,51
CUST01997,2025-09-30,9,46,4,0,1,6,2,4
CUST01998,2025-09-30,13,49,3,2,1,4,0,0
CUST01999,2025-09-30,4,11,0,0,0,2,1,14
CUST02000,2025-09-30,11,58,5,2,3,5,0,18
CUST02001,2025-09-30,12,58,2,3,1,3,1,2
CUST02002,2025-09-30,7,25,2,0,0,5,2,0
CUST02003,2025-09-30,3,8,1,0,0,0,0,30
CUST02004,2025-09-30,6,26,3,1,1,3,1,6
CUST02005,2025-09-30,6,28,3,2,1,4,2,0
CUST02006,2025-09-30,2,9,0,0,0,0,0,12
CUST02007,2025-09-30,5,15,1,1,1,2,1,33
CUST02008,2025-09-30,3,10,2,0,1,0,0,39
CUST02009,2025-09-30,1,4,1,0,0,0,0,0
CUST02010,2025-09-30,6,19,2,2,1,7,3,24
CUST02011,2025-09-30,2,10,1,1,0,0,0,27
CUST02012,2025-09-30,7,26,1,1,0,0,0,2
CUST02013,2025-09-30,7,34,3,0,1,3,1,18
CUST02014,2025-09-30,0,0,0,0,0,0,0,4
CUST02015,2025-09-30,4,13,1,0,0,0,0,47
CUST02016,2025-09-30,17,69,1,3,0,3,1,4
CUST02017,2025-09-30,12,36,4,1,1,5,2,20
CUST02018,2025-09-30,17,70,1,3,0,4,1,13
CUST02019,2025-09-30,7,39,1,1,0,0,0,14
CUST02020,2025-09-30,8,36,1,1,1,6,0,8
CUST02021,2025-09-30,12,36,1,1,0,0,0,0
CUST02022,2025-09-30,1,4,0,0,0,0,0,4
CUST02023,2025-09-30,7,32,3,1,1,9,0,10
CUST02024,2025-09-30,17,72,8,1,2,8,3,6
CUST02025,2025-09-30,3,15,0,1,0,2,1,1
CUST02026,2025-09-30,2,5,0,0,0,3,1,3
CUST02027,2025-09-30,7,39,4,0,2,3,1,0
CUST02028,2025-09-30,3,8,1,0,1,0,0,25
CUST02029,2025-09-30,0,0,0,0,0,5,2,9
CUST02030,2025-09-30,18,99,1,4,1,7,2,0
CUST02031,2025-09-30,2,8,0,1,0,3,0,35
CUST02032,2025-09-30,2,11,0,1,0,0,0,60
CUST02033,2025-09-30,9,32,4,0,1,3,1,25
CUST02034,2025-09-30,9,24,3,2,1,4,0,4
CUST02035,2025-09-30,0,0,0,0,0,6,1,23
CUST02036,2025-09-30,6,28,2,0,1,0,0,5
CUST02037,2025-09-30,3,11,0,1,0,4,1,2
CUST02038,2025-09-30,3,9,1,0,1,3,1,57
CUST02039,2025-09-30,0,0,0,0,0,5,0,18
CUST02040,2025-09-30,14,41,2,4,0,4,2,11
CUST02041,2025-09-30,7,38,2,1,1,3,1,14
CUST02042,2025-09-30,6,27,3,0,1,2,1,0
CUST02043,2025-09-30,6,17,3,0,1,3,1,8
CUST02044,2025-09-30,14,56,6,1,2,0,0,0
CUST02045,2025-09-30,5,16,2,0,1,6,3,31
CUST02046,2025-09-30,6,25,1,1,0,6,2,52
CUST02047,2025-09-30,1,5,0,0,0,0,0,16
CUST02048,2025-09-30,0,0,0,0,0,1,0,26
CUST02049,2025-09-30,6,23,1,0,0,4,1,21
CUST02050,2025-09-30,4,15,2,0,1,6,2,0
CUST02051,2025-09-30,0,0,0,0,0,0,0,23
CUST02052,2025-09-30,2,10,1,0,1,0,0,12
CUST02053,2025-09-30,0,0,0,0,0,0,0,0
CUST02054,2025-09-30,9,23,1,2,0,0,0,5
CUST02055,2025-09-30,1,6,0,0,0,0,0,13
CUST02056,2025-09-30,2,6,0,1,0,6,1,35
CUST02057,2025-09-30,10,32,1,3,0,3,0,0
CUST02058,2025-09-30,0,0,0,0,0,3,1,0
CUST02059,2025-09-30,2,8,0,0,0,3,1,7
CUST02060,2025-09-30,4,13,2,1,1,3,0,6
CUST02061,2025-09-30,7,34,2,2,1,2,1,13
CUST02062,2025-09-30,0,0,0,0,0,0,0,22
CUST02063,2025-09-30,7,34,1,1,1,3,1,19
CUST02064,2025-09-30,2,6,0,0,0,6,0,0
CUST02065,2025-09-30,1,4,0,0,0,2,0,37
CUST02066,2025-09-30,9,38,1,2,0,8,2,5
CUST02067,2025-09-30,5,25,1,1,1,4,0,9
CUST02068,2025-09-30,11,33,4,2,2,8,4,0
CUST02069,2025-09-30,2,9,0,0,0,0,0,57
CUST02070,2025-09-30,11,58,4,3,1,10,2,32
CUST02071,2025-09-30,12,37,4,1,1,2,0,0
CUST02072,2025-09-30,4,15,1,1,1,0,0,1
CUST02073,2025-09-30,0,0,0,0,0,0,0,3
CUST02074,2025-09-30,7,41,1,1,1,3,1,0
CUST02075,2025-09-30,0,0,0,0,0,0,0,59
CUST02076,2025-09-30,1,4,0,0,0,2,1,35
CUST02077,2025-09-30,3,15,1,1,0,1,0,27
CUST02078,2025-09-30,3,11,1,1,1,5,2,12
CUST02079,2025-09-30,1,5,0,0,0,2,0,6
CUST02080,2025-09-30,1,6,0,0,0,4,2,37
CUST02081,2025-09-30,3,10,1,0,0,4,1,45
CUST02082,2025-09-30,1,3,0,0,0,0,0,39
CUST02083,2025-09-30,4,23,2,1,1,0,0,19
CUST02084,2025-09-30,2,6,0,0,0,3,1,41
CUST02085,2025-09-30,1,4,0,0,0,0,0,0
CUST02086,2025-09-30,8,38,3,1,1,7,3,1
CUST02087,2025-09-30,3,9,1,0,0,0,0,0
CUST02088,2025-09-30,1,3,0,0,0,1,0,11
CUST02089,2025-09-30,1,4,0,0,0,0,0,8
CUST02090,2025-09-30,1,3,0,0,0,0,0,6
CUST02091,2025-09-30,10,44,2,0,1,7,1,4
CUST02092,2025-09-30,2,9,0,0,0,0,0,31
CUST02093,2025-09-30,8,48,1,1,0,0,0,0
CUST02094,2025-09-30,1,4,0,0,0,1,0,33
CUST02095,2025-09-30,0,0,0,0,0,5,1,29
CUST02096,2025-09-30,9,43,2,1,1,2,0,0
CUST02097,2025-09-30,5,22,2,1,1,2,0,3
CUST02098,2025-09-30,8,30,1,2,1,0,0,32
CUST02099,2025-09-30,2,5,1,1,0,2,1,25
CUST02100,2025-09-30,13,68,5,1,1,0,0,17
CUST02101,2025-09-30,6,17,0,1,0,0,0,0
CUST02102,2025-09-30,19,102,3,1,1,5,1,10
CUST02103,2025-09-30,0,0,0,0,0,0,0,0
CUST02104,2025-09-30,7,25,0,1,0,0,0,0
CUST02105,2025-09-30,1,5,0,0,0,0,0,0
CUST02106,2025-09-30,7,26,3,1,2,2,1,14
CUST02107,2025-09-30,8,46,1,0,0,7,1,30
CUST02108,2025-09-30,11,31,3,2,1,0,0,3
CUST02109,2025-09-30,7,25,2,2,1,6,3,7
CUST02110,2025-09-30,1,5,0,0,0,1,0,13
CUST02111,2025-09-30,0,0,0,0,0,1,0,34
CUST02112,2025-09-30,0,0,0,0,0,0,0,60
CUST02113,2025-09-30,1,5,0,0,0,1,0,37
CUST02114,2025-09-30,8,48,2,2,1,0,0,22
CUST02115,2025-09-30,0,0,0,0,0,0,0,50
CUST02116,2025-09-30,1,5,0,0,0,4,0,28
CUST02117,2025-09-30,6,30,3,1,1,7,2,18
CUST02118,2025-09-30,5,23,2,1,1,0,0,19
CUST02119,2025-09-30,8,47,4,2,1,8,0,0
CUST02120,2025-09-30,1,4,1,0,0,4,0,1
CUST02121,2025-09-30,6,15,2,1,1,1,0,1
CUST02122,2025-09-30,0,0,0,0,0,0,0,45
CUST02123,2025-09-30,0,0,0,0,0,3,1,17
CUST02124,2025-09-30,15,39,2,3,1,10,4,6
CUST02125,2025-09-30,13,45,1,3,1,10,5,30
CUST02126,2025-09-30,1,4,0,0,0,0,0,44
CUST02127,2025-09-30,3,10,0,1,0,2,1,38
CUST02128,2025-09-30,11,58,3,1,1,4,0,3
CUST02129,2025-09-30,2,6,1,0,0,0,0,18
CUST02130,2025-09-30,4,22,1,0,1,0,0,9
CUST02131,2025-09-30,2,9,0,1,0,0,0,29
CUST02132,2025-09-30,1,5,0,0,0,1,0,5
CUST02133,2025-09-30,11,53,3,3,0,7,1,8
CUST02134,2025-09-30,1,4,0,0,0,0,0,44
CUST02135,2025-09-30,2,10,0,0,0,0,0,13
CUST02136,2025-09-30,4,11,1,1,1,0,0,9
CUST02137,2025-09-30,5,13,1,1,0,6,3,7
CUST02138,2025-09-30,2,6,0,0,0,1,0,36
CUST02139,2025-09-30,3,16,1,1,0,0,0,7
CUST02140,2025-09-30,15,42,3,0,1,0,0,0
CUST02141,2025-09-30,16,51,6,4,3,6,2,11
CUST02142,2025-09-30,1,4,0,0,0,0,0,25
CUST02143,2025-09-30,14,37,1,1,1,7,2,13
CUST02144,2025-09-30,0,0,0,0,0,0,0,40
CUST02145,2025-09-30,2,9,0,0,0,0,0,23
CUST02146,2025-09-30,0,0,0,0,0,1,0,27
CUST02147,2025-09-30,1,3,0,0,0,1,0,36
CUST02148,2025-09-30,1,6,1,0,0,0,0,31
CUST02149,2025-09-30,8,21,4,0,1,2,1,7
CUST02150,2025-09-30,2,10,1,1,1,5,2,55
CUST02151,2025-09-30,9,47,2,3,1,2,1,10
CUST02152,2025-09-30,4,16,1,0,1,0,0,28
CUST02153,2025-09-30,3,10,0,1,0,0,0,12
CUST02154,2025-09-30,10,32,2,1,1,7,2,24
CUST02155,2025-09-30,10,26,1,2,0,1,0,45
CUST02156,2025-09-30,0,0,0,0,0,4,2,40
CUST02157,2025-09-30,8,22,1,2,0,8,1,12
CUST02158,2025-09-30,3,9,1,0,0,4,2,0
CUST02159,2025-09-30,19,87,4,1,2,6,0,10
CUST02160,2025-09-30,2,10,1,0,0,0,0,0
CUST02161,2025-09-30,1,3,0,0,0,0,0,41
CUST02162,2025-09-30,12,57,3,2,1,8,4,0
CUST02163,2025-09-30,1,6,0,0,0,0,0,46
CUST02164,2025-09-30,2,6,1,0,0,0,0,3
CUST02165,2025-09-30,3,9,0,1,0,1,0,0
CUST02166,2025-09-30,1,4,0,0,0,0,0,5
CUST02167,2025-09-30,6,30,3,1,1,4,0,24
CUST02168,2025-09-30,8,31,2,2,1,3,1,30
CUST02169,2025-09-30,9,50,4,1,3,6,1,16
CUST02170,2025-09-30,3,17,1,0,1,2,1,25
CUST02171,2025-09-30,1,4,0,0,0,5,1,11
CUST02172,2025-09-30,4,22,2,0,1,6,0,0
CUST02173,2025-09-30,9,34,3,2,2,4,1,13
CUST02174,2025-09-30,12,32,3,1,1,6,2,30
CUST02175,2025-09-30,6,16,2,1,0,5,1,6
CUST02176,2025-09-30,8,41,2,1,1,5,2,14
CUST02177,2025-09-30,1,6,0,0,0,0,0,42
CUST02178,2025-09-30,9,47,2,2,1,6,1,11
CUST02179,2025-09-30,9,48,2,2,1,0,0,0
CUST02180,2025-09-30,7,31,1,1,0,4,1,20
CUST02181,2025-09-30,5,18,3,1,2,0,0,11
CUST02182,2025-09-30,5,24,2,1,0,3,0,7
CUST02183,2025-09-30,2,7,1,0,0,2,1,0
CUST02184,2025-09-30,2,12,0,0,0,0,0,22
CUST02185,2025-09-30,1,5,0,0,0,7,1,44
CUST02186,2025-09-30,5,16,2,1,1,3,1,26
CUST02187,2025-09-30,1,3,1,0,0,4,1,40
CUST02188,2025-09-30,1,6,0,0,0,0,0,25
CUST02189,2025-09-30,6,17,0,1,0,5,0,17
CUST02190,2025-09-30,2,7,1,0,0,2,1,17
CUST02191,2025-09-30,4,23,1,1,0,0,0,13
CUST02192,2025-09-30,10,45,3,1,2,4,2,17
CUST02193,2025-09-30,10,47,5,0,2,0,0,4
CUST02194,2025-09-30,11,33,3,2,1,6,0,12
CUST02195,2025-09-30,3,14,1,1,1,4,1,26
CUST02196,2025-09-30,0,0,0,0,0,0,0,38
CUST02197,2025-09-30,9,33,2,3,1,5,0,10
CUST02198,2025-09-30,3,15,0,1,0,0,0,28
CUST02199,2025-09-30,3,13,1,0,0,0,0,16
CUST02200,2025-09-30,5,20,1,0,0,0,0,9
CUST02201,2025-09-30,2,11,1,0,1,0,0,33
CUST02202,2025-09-30,2,11,0,0,0,5,1,0
CUST02203,2025-09-30,3,13,1,1,0,6,2,2
CUST02204,2025-09-30,1,6,0,0,0,4,1,46
CUST02205,2025-09-30,3,17,1,0,0,3,0,43
CUST02206,2025-09-30,0,0,0,0,0,0,0,45
CUST02207,2025-09-30,2,8,1,0,1,0,0,9
CUST02208,2025-09-30,0,0,0,0,0,0,0,35
CUST02209,2025-09-30,11,39,3,3,1,0,0,0
CUST02210,2025-09-30,1,3,0,0,0,0,0,23
CUST02211,2025-09-30,6,26,1,1,1,7,2,0
CUST02212,2025-09-30,2,9,1,0,0,1,0,16
CUST02213,2025-09-30,2,12,1,0,0,5,1,9
CUST02214,2025-09-30,3,14,0,1,0,4,1,22
CUST02215,2025-09-30,9,44,3,1,1,0,0,4
CUST02216,2025-09-30,4,22,1,1,1,2,1,16
CUST02217,2025-09-30,12,57,4,2,1,6,2,0
CUST02218,2025-09-30,2,8,1,0,0,4,2,0
CUST02219,2025-09-30,4,18,2,1,1,3,1,2
CUST02220,2025-09-30,7,28,1,2,1,7,0,7
CUST02221,2025-09-30,1,5,1,0,0,3,1,19
CUST02222,2025-09-30,7,22,2,1,1,0,0,5
CUST02223,2025-09-30,19,89,5,2,3,6,1,0
CUST02224,2025-09-30,0,0,0,0,0,6,3,42
CUST02225,2025-09-30,3,15,0,0,0,0,0,45
CUST02226,2025-09-30,5,21,1,0,0,1,0,10
CUST02227,2025-09-30,4,19,1,1,0,1,0,14
CUST02228,2025-09-30,4,15,1,1,1,1,0,3
CUST02229,2025-09-30,9,42,3,1,1,4,1,19
CUST02230,2025-09-30,1,3,0,0,0,0,0,4
CUST02231,2025-09-30,10,31,2,0,1,0,0,14
CUST02232,2025-09-30,5,21,3,0,1,1,0,2
CUST02233,2025-09-30,4,17,2,1,1,3,0,29
CUST02234,2025-09-30,5,26,3,1,2,2,0,35
CUST02235,2025-09-30,1,3,1,0,0,2,0,6
CUST02236,2025-09-30,1,5,0,0,0,0,0,27
CUST02237,2025-09-30,10,38,2,1,1,7,2,0
CUST02238,2025-09-30,2,6,0,1,0,4,0,4
CUST02239,2025-09-30,5,13,1,1,0,0,0,19
CUST02240,2025-09-30,6,29,1,0,0,0,0,4
CUST02241,2025-09-30,0,0,0,0,0,0,0,31
CUST02242,2025-09-30,1,5,0,0,0,0,0,29
CUST02243,2025-09-30,7,33,3,1,1,0,0,31
CUST02244,2025-09-30,5,22,1,1,0,3,1,0
CUST02245,2025-09-30,7,19,4,1,1,4,1,29
CUST02246,2025-09-30,6,19,3,2,2,2,1,30
CUST02247,2025-09-30,0,0,0,0,0,0,0,4
CUST02248,2025-09-30,2,6,0,0,0,3,0,17
CUST02249,2025-09-30,10,56,2,2,1,8,0,28
CUST02250,2025-09-30,10,56,1,0,0,6,0,18
CUST02251,2025-09-30,8,23,3,1,1,4,1,22
CUST02252,2025-09-30,1,4,0,0,0,0,0,16
CUST02253,2025-09-30,9,43,2,2,1,0,0,15
CUST02254,2025-09-30,4,17,2,0,1,0,0,9
CUST02255,2025-09-30,11,32,6,3,3,0,0,0
CUST02256,2025-09-30,12,52,7,2,3,10,1,10
CUST02257,2025-09-30,3,10,1,1,1,1,0,2
CUST02258,2025-09-30,8,32,4,2,2,5,1,39
CUST02259,2025-09-30,17,79,8,4,4,6,1,8
CUST02260,2025-09-30,7,21,1,0,0,5,1,15
CUST02261,2025-09-30,4,15,2,0,1,2,1,17
CUST02262,2025-09-30,0,0,0,0,0,0,0,30
CUST02263,2025-09-30,8,39,3,2,1,0,0,31
CUST02264,2025-09-30,3,11,2,1,1,1,0,9
CUST02265,2025-09-30,3,11,2,1,1,0,0,0
CUST02266,2025-09-30,2,6,1,0,0,6,3,13
CUST02267,2025-09-30,5,17,1,0,0,5,1,35
CUST02268,2025-09-30,2,7,1,0,0,1,0,26
CUST02269,2025-09-30,8,30,2,2,1,0,0,25
CUST02270,2025-09-30,14,52,2,1,1,3,1,13
CUST02271,2025-09-30,4,16,2,1,1,4,2,27
CUST02272,2025-09-30,13,37,3,2,1,6,2,2
CUST02273,2025-09-30,8,43,1,0,1,5,1,39
CUST02274,2025-09-30,7,30,3,2,2,8,1,7
CUST02275,2025-09-30,5,19,1,1,0,0,0,0
CUST02276,2025-09-30,1,4,0,0,0,0,0,50
CUST02277,2025-09-30,4,18,1,0,0,0,0,49
CUST02278,2025-09-30,0,0,0,0,0,0,0,28
CUST02279,2025-09-30,0,0,0,0,0,0,0,10
CUST02280,2025-09-30,8,31,4,2,1,2,1,32
CUST02281,2025-09-30,8,45,1,1,1,3,0,28
CUST02282,2025-09-30,1,6,0,0,0,0,0,10
CUST02283,2025-09-30,1,5,0,0,0,2,0,26
CUST02284,2025-09-30,11,34,2,1,1,5,2,6
CUST02285,2025-09-30,0,0,0,0,0,3,1,31
CUST02286,2025-09-30,2,10,1,1,0,3,1,58
CUST02287,2025-09-30,0,0,0,0,0,3,1,12
CUST02288,2025-09-30,1,4,0,0,0,0,0,21
CUST02289,2025-09-30,6,27,2,1,0,0,0,6
CUST02290,2025-09-30,6,18,2,1,1,0,0,7
CUST02291,2025-09-30,3,13,1,0,0,2,0,31
CUST02292,2025-09-30,2,5,1,0,0,0,0,4
CUST02293,2025-09-30,4,17,2,0,1,0,0,44
CUST02294,2025-09-30,1,3,1,0,1,4,1,7
CUST02295,2025-09-30,3,9,0,0,0,1,0,0
CUST02296,2025-09-30,11,41,4,1,2,8,1,3
CUST02297,2025-09-30,3,18,1,0,0,4,2,1
CUST02298,2025-09-30,13,60,7,2,3,0,0,36
CUST02299,2025-09-30,7,28,4,1,2,10,1,19
CUST02300,2025-09-30,1,4,1,0,0,3,1,29
CUST02301,2025-09-30,7,42,4,1,3,1,0,35
CUST02302,2025-09-30,8,22,2,0,1,2,0,28
CUST02303,2025-09-30,12,31,6,3,1,0,0,0
CUST02304,2025-09-30,6,21,1,2,0,5,2,14
CUST02305,2025-09-30,12,31,1,1,1,0,0,1
CUST02306,2025-09-30,5,26,2,1,1,7,0,9
CUST02307,2025-09-30,4,20,2,1,1,3,0,13
CUST02308,2025-09-30,0,0,0,0,0,0,0,22
CUST02309,2025-09-30,1,5,0,0,0,2,1,60
CUST02310,2025-09-30,8,22,2,2,0,5,2,1
CUST02311,2025-09-30,3,12,0,1,0,5,2,38
CUST02312,2025-09-30,3,8,0,1,0,7,2,48
CUST02313,2025-09-30,3,9,1,1,1,0,0,30
CUST02314,2025-09-30,16,64,1,0,0,5,1,0
CUST02315,2025-09-30,12,68,5,1,3,0,0,22
CUST02316,2025-09-30,7,30,3,1,1,0,0,8
CUST02317,2025-09-30,9,39,2,2,1,3,1,0
CUST02318,2025-09-30,3,11,1,0,0,3,1,18
CUST02319,2025-09-30,6,20,1,1,0,5,1,21
CUST02320,2025-09-30,3,10,2,0,0,8,2,15
CUST02321,2025-09-30,3,17,1,1,0,5,2,18
CUST02322,2025-09-30,6,35,2,2,1,4,2,0
CUST02323,2025-09-30,4,14,2,1,1,0,0,15
CUST02324,2025-09-30,2,11,0,0,0,1,0,43
CUST02325,2025-09-30,12,30,2,3,1,0,0,0
CUST02326,2025-09-30,4,15,1,1,1,8,3,0
CUST02327,2025-09-30,9,53,1,1,1,3,1,32
CUST02328,2025-09-30,1,3,0,0,0,0,0,0
CUST02329,2025-09-30,7,30,3,1,2,6,3,17
CUST02330,2025-09-30,4,18,1,1,0,3,0,3
CUST02331,2025-09-30,7,19,3,1,2,2,0,0
CUST02332,2025-09-30,4,12,1,1,0,0,0,16
CUST02333,2025-09-30,3,12,1,0,1,7,3,7
CUST02334,2025-09-30,11,42,1,1,0,6,0,1
CUST02335,2025-09-30,7,28,3,1,1,10,1,13
CUST02336,2025-09-30,13,56,7,4,5,6,2,4
CUST02337,2025-09-30,21,55,2,2,0,7,2,0
CUST02338,2025-09-30,16,60,7,4,5,6,2,0
CUST02339,2025-09-30,8,42,4,2,2,5,2,0
CUST02340,2025-09-30,8,47,2,2,1,0,0,1
CUST02341,2025-09-30,2,8,0,1,0,0,0,7
CUST02342,2025-09-30,5,20,3,1,1,0,0,0
CUST02343,2025-09-30,7,40,2,0,1,7,2,0
CUST02344,2025-09-30,2,10,1,1,0,6,2,18
CUST02345,2025-09-30,1,6,0,0,0,3,0,9
CUST02346,2025-09-30,6,24,3,0,1,0,0,0
CUST02347,2025-09-30,3,14,1,1,1,4,2,20
CUST02348,2025-09-30,6,21,1,0,0,3,1,33
CUST02349,2025-09-30,9,38,1,3,1,4,1,8
CUST02350,2025-09-30,1,5,0,0,0,2,1,21
CUST02351,2025-09-30,1,4,0,0,0,1,0,56
CUST02352,2025-09-30,3,12,2,1,1,1,0,15
CUST02353,2025-09-30,6,32,3,1,1,7,1,24
CUST02354,2025-09-30,0,0,0,0,0,1,0,0
CUST02355,2025-09-30,0,0,0,0,0,0,0,0
CUST02356,2025-09-30,13,43,2,3,1,2,1,0
CUST02357,2025-09-30,5,13,0,0,0,4,1,0
CUST02358,2025-09-30,1,4,0,0,0,2,1,0
CUST02359,2025-09-30,17,79,6,3,3,0,0,2
CUST02360,2025-09-30,5,17,2,1,1,4,1,12
CUST02361,2025-09-30,2,10,1,1,1,0,0,13
CUST02362,2025-09-30,4,10,0,0,0,4,1,12
CUST02363,2025-09-30,5,29,2,0,1,0,0,8
CUST02364,2025-09-30,1,5,0,0,0,0,0,31
CUST02365,2025-09-30,17,43,8,1,5,7,1,11
CUST02366,2025-09-30,4,20,1,1,0,1,0,34
CUST02367,2025-09-30,5,20,2,1,1,8,4,15
CUST02368,2025-09-30,2,8,0,1,0,0,0,33
CUST02369,2025-09-30,14,46,6,1,2,6,2,0
CUST02370,2025-09-30,4,22,2,1,1,5,0,0
CUST02371,2025-09-30,4,16,1,1,0,3,0,12
CUST02372,2025-09-30,15,64,2,2,1,6,0,9
CUST02373,2025-09-30,2,8,1,0,0,1,0,0
CUST02374,2025-09-30,2,12,1,0,0,4,2,20
CUST02375,2025-09-30,2,8,1,0,0,4,1,26
CUST02376,2025-09-30,1,5,0,0,0,0,0,0
CUST02377,2025-09-30,9,49,1,2,0,7,3,17
CUST02378,2025-09-30,13,43,3,0,1,3,0,0
CUST02379,2025-09-30,11,48,3,3,1,0,0,25
CUST02380,2025-09-30,0,0,0,0,0,0,0,29
CUST02381,2025-09-30,8,32,2,1,0,8,0,8
CUST02382,2025-09-30,4,21,0,1,0,7,2,7
CUST02383,2025-09-30,7,36,1,1,0,7,3,23
CUST02384,2025-09-30,7,18,2,0,1,0,0,28
CUST02385,2025-09-30,1,5,1,0,0,6,2,5
CUST02386,2025-09-30,7,36,3,1,2,3,1,0
CUST02387,2025-09-30,9,24,4,1,2,9,2,23
CUST02388,2025-09-30,5,19,1,0,0,2,0,9
CUST02389,2025-09-30,1,4,0,0,0,0,0,26
CUST02390,2025-09-30,2,6,0,0,0,0,0,60
CUST02391,2025-09-30,1,4,0,0,0,0,0,18
CUST02392,2025-09-30,2,9,1,0,0,2,1,20
CUST02393,2025-09-30,0,0,0,0,0,5,0,29
CUST02394,2025-09-30,5,16,1,0,1,10,4,5
CUST02395,2025-09-30,1,3,0,0,0,1,0,60
CUST02396,2025-09-30,1,3,0,0,0,0,0,42
CUST02397,2025-09-30,12,59,3,1,2,3,1,25
CUST02398,2025-09-30,4,17,1,0,1,0,0,10
CUST02399,2025-09-30,1,4,1,0,1,5,1,60
CUST02400,2025-09-30,1,5,0,0,0,1,0,11
